Ticker;Date;Stock close;Stock net;Percentage change;Stock open;Low;High
SP500;01-mei-2024;5.018,3850;-17,3067;-0,3437%;5.018,3850;5.018,3850;5.018,3850
SP500;30-apr-2024;5.035,6917;-80,4759;-1,5730%;5.035,6917;5.035,6917;5.035,6917
SP500;29-apr-2024;5.116,1676;+16,2051;+0,3177%;5.116,1676;5.116,1676;5.116,1676
SP500;26-apr-2024;5.099,9625;+51,5468;+1,0210%;5.099,9625;5.099,9625;5.099,9625
SP500;25-apr-2024;5.048,4157;-23,2128;-0,4577%;5.048,4157;5.048,4157;5.048,4157
SP500;24-apr-2024;5.071,6285;+1,0773;+0,0212%;5.071,6285;5.071,6285;5.071,6285
SP500;23-apr-2024;5.070,5512;+59,9466;+1,1964%;5.070,5512;5.070,5512;5.070,5512
SP500;22-apr-2024;5.010,6046;+43,3697;+0,8731%;5.010,6046;5.010,6046;5.010,6046
SP500;19-apr-2024;4.967,2349;-43,8879;-0,8758%;4.967,2349;4.967,2349;4.967,2349
SP500;18-apr-2024;5.011,1228;-11,0852;-0,2207%;5.011,1228;5.011,1228;5.011,1228
SP500;17-apr-2024;5.022,2080;-29,2059;-0,5782%;5.022,2080;5.022,2080;5.022,2080
SP500;16-apr-2024;5.051,4139;-10,4016;-0,2055%;5.051,4139;5.051,4139;5.051,4139
SP500;15-apr-2024;5.061,8155;-61,5913;-1,2022%;5.061,8155;5.061,8155;5.061,8155
SP500;12-apr-2024;5.123,4068;-75,6500;-1,4551%;5.123,4068;5.123,4068;5.123,4068
SP500;11-apr-2024;5.199,0568;+38,4170;+0,7444%;5.199,0568;5.199,0568;5.199,0568
SP500;10-apr-2024;5.160,6398;-49,2710;-0,9457%;5.160,6398;5.160,6398;5.160,6398
SP500;09-apr-2024;5.209,9108;+7,5189;+0,1445%;5.209,9108;5.209,9108;5.209,9108
SP500;08-apr-2024;5.202,3919;-1,9432;-0,0373%;5.202,3919;5.202,3919;5.202,3919
SP500;05-apr-2024;5.204,3351;+57,1261;+1,1098%;5.204,3351;5.204,3351;5.204,3351
SP500;04-apr-2024;5.147,2090;-64,2771;-1,2334%;5.147,2090;5.147,2090;5.147,2090
SP500;03-apr-2024;5.211,4861;+5,6750;+0,1090%;5.211,4861;5.211,4861;5.211,4861
SP500;02-apr-2024;5.205,8111;-37,9618;-0,7239%;5.205,8111;5.205,8111;5.205,8111
SP500;01-apr-2024;5.243,7729;-10,5815;-0,2014%;5.243,7729;5.243,7729;5.243,7729
SP500;28-mrt-2024;5.254,3544;+5,8613;+0,1117%;5.254,3544;5.254,3544;5.254,3544
SP500;27-mrt-2024;5.248,4931;+44,9089;+0,8630%;5.248,4931;5.248,4931;5.248,4931
SP500;26-mrt-2024;5.203,5842;-14,6024;-0,2798%;5.203,5842;5.203,5842;5.203,5842
SP500;25-mrt-2024;5.218,1866;-15,9935;-0,3056%;5.218,1866;5.218,1866;5.218,1866
SP500;22-mrt-2024;5.234,1801;-7,3527;-0,1403%;5.234,1801;5.234,1801;5.234,1801
SP500;21-mrt-2024;5.241,5328;+16,9096;+0,3237%;5.241,5328;5.241,5328;5.241,5328
SP500;20-mrt-2024;5.224,6232;+46,1139;+0,8905%;5.224,6232;5.224,6232;5.224,6232
SP500;19-mrt-2024;5.178,5093;+29,0918;+0,5650%;5.178,5093;5.178,5093;5.178,5093
SP500;18-mrt-2024;5.149,4175;+32,3293;+0,6318%;5.149,4175;5.149,4175;5.149,4175
SP500;15-mrt-2024;5.117,0882;-33,3917;-0,6483%;5.117,0882;5.117,0882;5.117,0882
SP500;14-mrt-2024;5.150,4799;-14,8320;-0,2871%;5.150,4799;5.150,4799;5.150,4799
SP500;13-mrt-2024;5.165,3119;-9,9557;-0,1924%;5.165,3119;5.165,3119;5.165,3119
SP500;12-mrt-2024;5.175,2676;+57,3308;+1,1202%;5.175,2676;5.175,2676;5.175,2676
SP500;11-mrt-2024;5.117,9368;-5,7543;-0,1123%;5.117,9368;5.117,9368;5.117,9368
SP500;08-mrt-2024;5.123,6911;-33,6682;-0,6528%;5.123,6911;5.123,6911;5.123,6911
SP500;07-mrt-2024;5.157,3593;+52,6021;+1,0305%;5.157,3593;5.157,3593;5.157,3593
SP500;06-mrt-2024;5.104,7572;+26,1032;+0,5140%;5.104,7572;5.104,7572;5.104,7572
SP500;05-mrt-2024;5.078,6540;-52,2952;-1,0192%;5.078,6540;5.078,6540;5.078,6540
SP500;04-mrt-2024;5.130,9492;-6,1346;-0,1194%;5.130,9492;5.130,9492;5.130,9492
SP500;01-mrt-2024;5.137,0838;+40,8143;+0,8009%;5.137,0838;5.137,0838;5.137,0838
SP500;29-feb-2024;5.096,2695;+26,5130;+0,5230%;5.096,2695;5.096,2695;5.096,2695
SP500;28-feb-2024;5.069,7565;-8,4260;-0,1659%;5.069,7565;5.069,7565;5.069,7565
SP500;27-feb-2024;5.078,1825;+8,6520;+0,1707%;5.078,1825;5.078,1825;5.078,1825
SP500;26-feb-2024;5.069,5305;-19,2694;-0,3787%;5.069,5305;5.069,5305;5.069,5305
SP500;23-feb-2024;5.088,7999;+1,7675;+0,0347%;5.088,7999;5.088,7999;5.088,7999
SP500;22-feb-2024;5.087,0324;+105,2354;+2,1124%;5.087,0324;5.087,0324;5.087,0324
SP500;21-feb-2024;4.981,7970;+6,2857;+0,1263%;4.981,7970;4.981,7970;4.981,7970
SP500;20-feb-2024;4.975,5113;-30,0572;-0,6005%;4.975,5113;4.975,5113;4.975,5113
SP500;16-feb-2024;5.005,5685;-24,1662;-0,4805%;5.005,5685;5.005,5685;5.005,5685
SP500;15-feb-2024;5.029,7347;+29,1146;+0,5822%;5.029,7347;5.029,7347;5.029,7347
SP500;14-feb-2024;5.000,6201;+47,4521;+0,9580%;5.000,6201;5.000,6201;5.000,6201
SP500;13-feb-2024;4.953,1680;-68,6765;-1,3676%;4.953,1680;4.953,1680;4.953,1680
SP500;12-feb-2024;5.021,8445;-4,7641;-0,0948%;5.021,8445;5.021,8445;5.021,8445
SP500;09-feb-2024;5.026,6086;+28,7032;+0,5743%;5.026,6086;5.026,6086;5.026,6086
SP500;08-feb-2024;4.997,9054;+2,8496;+0,0570%;4.997,9054;4.997,9054;4.997,9054
SP500;07-feb-2024;4.995,0558;+40,8253;+0,8240%;4.995,0558;4.995,0558;4.995,0558
SP500;06-feb-2024;4.954,2305;+11,4246;+0,2311%;4.954,2305;4.954,2305;4.954,2305
SP500;05-feb-2024;4.942,8059;-15,8080;-0,3188%;4.942,8059;4.942,8059;4.942,8059
SP500;02-feb-2024;4.958,6139;+52,4199;+1,0684%;4.958,6139;4.958,6139;4.958,6139
SP500;01-feb-2024;4.906,1940;+60,5468;+1,2495%;4.906,1940;4.906,1940;4.906,1940
SP500;31-jan-2024;4.845,6472;-79,3267;-1,6107%;4.845,6472;4.845,6472;4.845,6472
SP500;30-jan-2024;4.924,9739;-2,9549;-0,0600%;4.924,9739;4.924,9739;4.924,9739
SP500;29-jan-2024;4.927,9288;+36,9583;+0,7556%;4.927,9288;4.927,9288;4.927,9288
SP500;26-jan-2024;4.890,9705;-3,1851;-0,0651%;4.890,9705;4.890,9705;4.890,9705
SP500;25-jan-2024;4.894,1556;+25,6017;+0,5259%;4.894,1556;4.894,1556;4.894,1556
SP500;24-jan-2024;4.868,5539;+3,9572;+0,0813%;4.868,5539;4.868,5539;4.868,5539
SP500;23-jan-2024;4.864,5967;+14,1710;+0,2922%;4.864,5967;4.864,5967;4.864,5967
SP500;22-jan-2024;4.850,4257;+10,6143;+0,2193%;4.850,4257;4.850,4257;4.850,4257
SP500;19-jan-2024;4.839,8114;+58,8738;+1,2314%;4.839,8114;4.839,8114;4.839,8114
SP500;18-jan-2024;4.780,9376;+41,7295;+0,8805%;4.780,9376;4.780,9376;4.780,9376
SP500;17-jan-2024;4.739,2081;-26,7679;-0,5616%;4.739,2081;4.739,2081;4.739,2081
SP500;16-jan-2024;4.765,9760;-17,8551;-0,3732%;4.765,9760;4.765,9760;4.765,9760
SP500;12-jan-2024;4.783,8311;+3,5886;+0,0751%;4.783,8311;4.783,8311;4.783,8311
SP500;11-jan-2024;4.780,2425;-3,2066;-0,0670%;4.780,2425;4.780,2425;4.780,2425
SP500;10-jan-2024;4.783,4491;+26,9526;+0,5666%;4.783,4491;4.783,4491;4.783,4491
SP500;09-jan-2024;4.756,4965;-7,0408;-0,1478%;4.756,4965;4.756,4965;4.756,4965
SP500;08-jan-2024;4.763,5373;+66,2924;+1,4113%;4.763,5373;4.763,5373;4.763,5373
SP500;05-jan-2024;4.697,2449;+8,5689;+0,1828%;4.697,2449;4.697,2449;4.697,2449
SP500;04-jan-2024;4.688,6760;-16,1351;-0,3429%;4.688,6760;4.688,6760;4.688,6760
SP500;03-jan-2024;4.704,8111;-38,0184;-0,8016%;4.704,8111;4.704,8111;4.704,8111
SP500;02-jan-2024;4.742,8295;-26,9999;-0,5661%;4.742,8295;4.742,8295;4.742,8295
SP500;29-dec-2023;4.769,8294;-13,5180;-0,2826%;4.769,8294;4.769,8294;4.769,8294
SP500;28-dec-2023;4.783,3474;+1,7686;+0,0370%;4.783,3474;4.783,3474;4.783,3474
SP500;27-dec-2023;4.781,5788;+6,8282;+0,1430%;4.781,5788;4.781,5788;4.781,5788
SP500;26-dec-2023;4.774,7506;+20,1192;+0,4231%;4.774,7506;4.774,7506;4.774,7506
SP500;22-dec-2023;4.754,6314;+7,8858;+0,1661%;4.754,6314;4.754,6314;4.754,6314
SP500;21-dec-2023;4.746,7456;+48,3937;+1,0300%;4.746,7456;4.746,7456;4.746,7456
SP500;20-dec-2023;4.698,3519;-70,0135;-1,4683%;4.698,3519;4.698,3519;4.698,3519
SP500;19-dec-2023;4.768,3654;+27,8094;+0,5866%;4.768,3654;4.768,3654;4.768,3654
SP500;18-dec-2023;4.740,5560;+21,3654;+0,4527%;4.740,5560;4.740,5560;4.740,5560
SP500;15-dec-2023;4.719,1906;-0,3613;-0,0077%;4.719,1906;4.719,1906;4.719,1906
SP500;14-dec-2023;4.719,5519;+12,4605;+0,2647%;4.719,5519;4.719,5519;4.719,5519
SP500;13-dec-2023;4.707,0914;+63,3896;+1,3651%;4.707,0914;4.707,0914;4.707,0914
SP500;12-dec-2023;4.643,7018;+21,2610;+0,4600%;4.643,7018;4.643,7018;4.643,7018
SP500;11-dec-2023;4.622,4408;+18,0685;+0,3924%;4.622,4408;4.622,4408;4.622,4408
SP500;08-dec-2023;4.604,3723;+18,7861;+0,4097%;4.604,3723;4.604,3723;4.604,3723
SP500;07-dec-2023;4.585,5862;+36,2488;+0,7968%;4.585,5862;4.585,5862;4.585,5862
SP500;06-dec-2023;4.549,3374;-17,8456;-0,3907%;4.549,3374;4.549,3374;4.549,3374
SP500;05-dec-2023;4.567,1830;-2,5986;-0,0569%;4.567,1830;4.567,1830;4.567,1830
SP500;04-dec-2023;4.569,7816;-24,8500;-0,5408%;4.569,7816;4.569,7816;4.569,7816
SP500;01-dec-2023;4.594,6316;+26,8330;+0,5874%;4.594,6316;4.594,6316;4.594,6316
SP500;30-nov-2023;4.567,7986;+17,2163;+0,3783%;4.567,7986;4.567,7986;4.567,7986
SP500;29-nov-2023;4.550,5823;-4,3083;-0,0946%;4.550,5823;4.550,5823;4.550,5823
SP500;28-nov-2023;4.554,8906;+4,4626;+0,0981%;4.554,8906;4.554,8906;4.554,8906
SP500;27-nov-2023;4.550,4280;-8,9072;-0,1954%;4.550,4280;4.550,4280;4.550,4280
SP500;24-nov-2023;4.559,3352;+2,7160;+0,0596%;4.559,3352;4.559,3352;4.559,3352
SP500;22-nov-2023;4.556,6192;+18,4275;+0,4061%;4.556,6192;4.556,6192;4.556,6192
SP500;21-nov-2023;4.538,1917;-9,1858;-0,2020%;4.538,1917;4.538,1917;4.538,1917
SP500;20-nov-2023;4.547,3775;+33,3596;+0,7390%;4.547,3775;4.547,3775;4.547,3775
SP500;17-nov-2023;4.514,0179;+5,7744;+0,1281%;4.514,0179;4.514,0179;4.514,0179
SP500;16-nov-2023;4.508,2435;+5,3647;+0,1191%;4.508,2435;4.508,2435;4.508,2435
SP500;15-nov-2023;4.502,8788;+7,1772;+0,1596%;4.502,8788;4.502,8788;4.502,8788
SP500;14-nov-2023;4.495,7016;+84,1467;+1,9074%;4.495,7016;4.495,7016;4.495,7016
SP500;13-nov-2023;4.411,5549;-3,6898;-0,0836%;4.411,5549;4.411,5549;4.411,5549
SP500;10-nov-2023;4.415,2447;+67,8954;+1,5618%;4.415,2447;4.415,2447;4.415,2447
SP500;09-nov-2023;4.347,3493;-35,4345;-0,8085%;4.347,3493;4.347,3493;4.347,3493
SP500;08-nov-2023;4.382,7838;+4,4047;+0,1006%;4.382,7838;4.382,7838;4.382,7838
SP500;07-nov-2023;4.378,3791;+12,4011;+0,2840%;4.378,3791;4.378,3791;4.378,3791
SP500;06-nov-2023;4.365,9780;+7,6428;+0,1754%;4.365,9780;4.365,9780;4.365,9780
SP500;03-nov-2023;4.358,3352;+40,5597;+0,9394%;4.358,3352;4.358,3352;4.358,3352
SP500;02-nov-2023;4.317,7755;+79,9195;+1,8858%;4.317,7755;4.317,7755;4.317,7755
SP500;01-nov-2023;4.237,8560;+44,0550;+1,0505%;4.237,8560;4.237,8560;4.237,8560
SP500;31-okt-2023;4.193,8010;+26,9859;+0,6476%;4.193,8010;4.193,8010;4.193,8010
SP500;30-okt-2023;4.166,8151;+49,4413;+1,2008%;4.166,8151;4.166,8151;4.166,8151
SP500;27-okt-2023;4.117,3738;-19,8570;-0,4800%;4.117,3738;4.117,3738;4.117,3738
SP500;26-okt-2023;4.137,2308;-49,5344;-1,1831%;4.137,2308;4.137,2308;4.137,2308
SP500;25-okt-2023;4.186,7652;-60,9116;-1,4340%;4.186,7652;4.186,7652;4.186,7652
SP500;24-okt-2023;4.247,6768;+30,6334;+0,7264%;4.247,6768;4.247,6768;4.247,6768
SP500;23-okt-2023;4.217,0434;-7,1161;-0,1685%;4.217,0434;4.217,0434;4.217,0434
SP500;20-okt-2023;4.224,1595;-53,8379;-1,2585%;4.224,1595;4.224,1595;4.224,1595
SP500;19-okt-2023;4.277,9974;-36,6033;-0,8484%;4.277,9974;4.277,9974;4.277,9974
SP500;18-okt-2023;4.314,6007;-58,5953;-1,3399%;4.314,6007;4.314,6007;4.314,6007
SP500;17-okt-2023;4.373,1960;-0,4388;-0,0100%;4.373,1960;4.373,1960;4.373,1960
SP500;16-okt-2023;4.373,6348;+45,8518;+1,0595%;4.373,6348;4.373,6348;4.373,6348
SP500;13-okt-2023;4.327,7830;-21,8228;-0,5017%;4.327,7830;4.327,7830;4.327,7830
SP500;12-okt-2023;4.349,6058;-27,3394;-0,6246%;4.349,6058;4.349,6058;4.349,6058
SP500;11-okt-2023;4.376,9452;+18,7073;+0,4292%;4.376,9452;4.376,9452;4.376,9452
SP500;10-okt-2023;4.358,2379;+22,5804;+0,5208%;4.358,2379;4.358,2379;4.358,2379
SP500;09-okt-2023;4.335,6575;+27,1552;+0,6303%;4.335,6575;4.335,6575;4.335,6575
SP500;06-okt-2023;4.308,5023;+50,3165;+1,1816%;4.308,5023;4.308,5023;4.308,5023
SP500;05-okt-2023;4.258,1858;-5,5653;-0,1305%;4.258,1858;4.258,1858;4.258,1858
SP500;04-okt-2023;4.263,7511;+34,2981;+0,8109%;4.263,7511;4.263,7511;4.263,7511
SP500;03-okt-2023;4.229,4530;-58,9377;-1,3744%;4.229,4530;4.229,4530;4.229,4530
SP500;02-okt-2023;4.288,3907;+0,3366;+0,0078%;4.288,3907;4.288,3907;4.288,3907
SP500;29-sep-2023;4.288,0541;-11,6479;-0,2709%;4.288,0541;4.288,0541;4.288,0541
SP500;28-sep-2023;4.299,7020;+25,1926;+0,5894%;4.299,7020;4.299,7020;4.299,7020
SP500;27-sep-2023;4.274,5094;+0,9811;+0,0230%;4.274,5094;4.274,5094;4.274,5094
SP500;26-sep-2023;4.273,5283;-63,9167;-1,4736%;4.273,5283;4.273,5283;4.273,5283
SP500;25-sep-2023;4.337,4450;+17,3879;+0,4025%;4.337,4450;4.337,4450;4.337,4450
SP500;22-sep-2023;4.320,0571;-9,9478;-0,2297%;4.320,0571;4.320,0571;4.320,0571
SP500;21-sep-2023;4.330,0049;-72,1986;-1,6401%;4.330,0049;4.330,0049;4.330,0049
SP500;20-sep-2023;4.402,2035;-41,7440;-0,9393%;4.402,2035;4.402,2035;4.402,2035
SP500;19-sep-2023;4.443,9475;-9,5863;-0,2153%;4.443,9475;4.443,9475;4.443,9475
SP500;18-sep-2023;4.453,5338;+3,2175;+0,0723%;4.453,5338;4.453,5338;4.453,5338
SP500;15-sep-2023;4.450,3163;-54,7800;-1,2160%;4.450,3163;4.450,3163;4.450,3163
SP500;14-sep-2023;4.505,0963;+37,6544;+0,8429%;4.505,0963;4.505,0963;4.505,0963
SP500;13-sep-2023;4.467,4419;+5,5370;+0,1241%;4.467,4419;4.467,4419;4.467,4419
SP500;12-sep-2023;4.461,9049;-25,5590;-0,5696%;4.461,9049;4.461,9049;4.461,9049
SP500;11-sep-2023;4.487,4639;+29,9746;+0,6725%;4.487,4639;4.487,4639;4.487,4639
SP500;08-sep-2023;4.457,4893;+6,3513;+0,1427%;4.457,4893;4.457,4893;4.457,4893
SP500;07-sep-2023;4.451,1380;-14,3468;-0,3213%;4.451,1380;4.451,1380;4.451,1380
SP500;06-sep-2023;4.465,4848;-31,3425;-0,6970%;4.465,4848;4.465,4848;4.465,4848
SP500;05-sep-2023;4.496,8273;-18,9401;-0,4194%;4.496,8273;4.496,8273;4.496,8273
SP500;01-sep-2023;4.515,7674;+8,1056;+0,1798%;4.515,7674;4.515,7674;4.515,7674
SP500;31-aug-2023;4.507,6618;-7,2035;-0,1596%;4.507,6618;4.507,6618;4.507,6618
SP500;30-aug-2023;4.514,8653;+17,2336;+0,3832%;4.514,8653;4.514,8653;4.514,8653
SP500;29-aug-2023;4.497,6317;+64,3261;+1,4510%;4.497,6317;4.497,6317;4.497,6317
SP500;28-aug-2023;4.433,3056;+27,5999;+0,6265%;4.433,3056;4.433,3056;4.433,3056
SP500;25-aug-2023;4.405,7057;+29,3908;+0,6716%;4.405,7057;4.405,7057;4.405,7057
SP500;24-aug-2023;4.376,3149;-59,6968;-1,3457%;4.376,3149;4.376,3149;4.376,3149
SP500;23-aug-2023;4.436,0117;+48,4630;+1,1046%;4.436,0117;4.436,0117;4.436,0117
SP500;22-aug-2023;4.387,5487;-12,2204;-0,2778%;4.387,5487;4.387,5487;4.387,5487
SP500;21-aug-2023;4.399,7691;+30,0576;+0,6879%;4.399,7691;4.399,7691;4.399,7691
SP500;18-aug-2023;4.369,7115;-0,6486;-0,0148%;4.369,7115;4.369,7115;4.369,7115
SP500;17-aug-2023;4.370,3601;-33,9734;-0,7714%;4.370,3601;4.370,3601;4.370,3601
SP500;16-aug-2023;4.404,3335;-33,5255;-0,7554%;4.404,3335;4.404,3335;4.404,3335
SP500;15-aug-2023;4.437,8590;-51,8593;-1,1551%;4.437,8590;4.437,8590;4.437,8590
SP500;14-aug-2023;4.489,7183;+25,6637;+0,5749%;4.489,7183;4.489,7183;4.489,7183
SP500;11-aug-2023;4.464,0546;-4,7802;-0,1070%;4.464,0546;4.464,0546;4.464,0546
SP500;10-aug-2023;4.468,8348;+1,1207;+0,0251%;4.468,8348;4.468,8348;4.468,8348
SP500;09-aug-2023;4.467,7141;-31,6632;-0,7037%;4.467,7141;4.467,7141;4.467,7141
SP500;08-aug-2023;4.499,3773;-19,0661;-0,4220%;4.499,3773;4.499,3773;4.499,3773
SP500;07-aug-2023;4.518,4434;+40,4096;+0,9024%;4.518,4434;4.518,4434;4.518,4434
SP500;04-aug-2023;4.478,0338;-23,8519;-0,5298%;4.478,0338;4.478,0338;4.478,0338
SP500;03-aug-2023;4.501,8857;-11,5082;-0,2550%;4.501,8857;4.501,8857;4.501,8857
SP500;02-aug-2023;4.513,3939;-63,3353;-1,3839%;4.513,3939;4.513,3939;4.513,3939
SP500;01-aug-2023;4.576,7292;-12,2319;-0,2666%;4.576,7292;4.576,7292;4.576,7292
SP500;31-jul-2023;4.588,9611;+6,7298;+0,1469%;4.588,9611;4.588,9611;4.588,9611
SP500;28-jul-2023;4.582,2313;+44,8194;+0,9878%;4.582,2313;4.582,2313;4.582,2313
SP500;27-jul-2023;4.537,4119;-29,3398;-0,6425%;4.537,4119;4.537,4119;4.537,4119
SP500;26-jul-2023;4.566,7517;-0,7120;-0,0156%;4.566,7517;4.566,7517;4.566,7517
SP500;25-jul-2023;4.567,4637;+12,8213;+0,2815%;4.567,4637;4.567,4637;4.567,4637
SP500;24-jul-2023;4.554,6424;+18,3039;+0,4035%;4.554,6424;4.554,6424;4.554,6424
SP500;21-jul-2023;4.536,3385;+1,4709;+0,0324%;4.536,3385;4.536,3385;4.536,3385
SP500;20-jul-2023;4.534,8676;-30,8491;-0,6757%;4.534,8676;4.534,8676;4.534,8676
SP500;19-jul-2023;4.565,7167;+10,7398;+0,2358%;4.565,7167;4.565,7167;4.565,7167
SP500;18-jul-2023;4.554,9769;+32,1838;+0,7116%;4.554,9769;4.554,9769;4.554,9769
SP500;17-jul-2023;4.522,7931;+17,3728;+0,3856%;4.522,7931;4.522,7931;4.522,7931
SP500;14-jul-2023;4.505,4203;-4,6215;-0,1025%;4.505,4203;4.505,4203;4.505,4203
SP500;13-jul-2023;4.510,0418;+37,8815;+0,8471%;4.510,0418;4.510,0418;4.510,0418
SP500;12-jul-2023;4.472,1603;+32,9040;+0,7412%;4.472,1603;4.472,1603;4.472,1603
SP500;11-jul-2023;4.439,2563;+29,7305;+0,6742%;4.439,2563;4.439,2563;4.439,2563
SP500;10-jul-2023;4.409,5258;+10,5731;+0,2404%;4.409,5258;4.409,5258;4.409,5258
SP500;07-jul-2023;4.398,9527;-12,6380;-0,2865%;4.398,9527;4.398,9527;4.398,9527
SP500;06-jul-2023;4.411,5907;-35,2341;-0,7923%;4.411,5907;4.411,5907;4.411,5907
SP500;05-jul-2023;4.446,8248;-8,7691;-0,1968%;4.446,8248;4.446,8248;4.446,8248
SP500;03-jul-2023;4.455,5939;+5,2126;+0,1171%;4.455,5939;4.455,5939;4.455,5939
SP500;30-jun-2023;4.450,3813;+53,9379;+1,2269%;4.450,3813;4.450,3813;4.450,3813
SP500;29-jun-2023;4.396,4434;+19,5797;+0,4473%;4.396,4434;4.396,4434;4.396,4434
SP500;28-jun-2023;4.376,8637;-1,5416;-0,0352%;4.376,8637;4.376,8637;4.376,8637
SP500;27-jun-2023;4.378,4053;+49,5837;+1,1454%;4.378,4053;4.378,4053;4.378,4053
SP500;26-jun-2023;4.328,8216;-19,5091;-0,4487%;4.328,8216;4.328,8216;4.328,8216
SP500;23-jun-2023;4.348,3307;-33,5598;-0,7659%;4.348,3307;4.348,3307;4.348,3307
SP500;22-jun-2023;4.381,8905;+16,2007;+0,3711%;4.381,8905;4.381,8905;4.381,8905
SP500;21-jun-2023;4.365,6898;-23,0200;-0,5245%;4.365,6898;4.365,6898;4.365,6898
SP500;20-jun-2023;4.388,7098;-20,8846;-0,4736%;4.388,7098;4.388,7098;4.388,7098
SP500;16-jun-2023;4.409,5944;-16,2499;-0,3672%;4.409,5944;4.409,5944;4.409,5944
SP500;15-jun-2023;4.425,8443;+53,2549;+1,2179%;4.425,8443;4.425,8443;4.425,8443
SP500;14-jun-2023;4.372,5894;+3,5830;+0,0820%;4.372,5894;4.372,5894;4.372,5894
SP500;13-jun-2023;4.369,0064;+30,0720;+0,6931%;4.369,0064;4.369,0064;4.369,0064
SP500;12-jun-2023;4.338,9344;+40,0771;+0,9323%;4.338,9344;4.338,9344;4.338,9344
SP500;09-jun-2023;4.298,8573;+4,9295;+0,1148%;4.298,8573;4.298,8573;4.298,8573
SP500;08-jun-2023;4.293,9278;+26,4093;+0,6188%;4.293,9278;4.293,9278;4.293,9278
SP500;07-jun-2023;4.267,5185;-16,3299;-0,3812%;4.267,5185;4.267,5185;4.267,5185
SP500;06-jun-2023;4.283,8484;+10,0542;+0,2353%;4.283,8484;4.283,8484;4.283,8484
SP500;05-jun-2023;4.273,7942;-8,5714;-0,2002%;4.273,7942;4.273,7942;4.273,7942
SP500;02-jun-2023;4.282,3656;+61,3454;+1,4533%;4.282,3656;4.282,3656;4.282,3656
SP500;01-jun-2023;4.221,0202;+41,1947;+0,9856%;4.221,0202;4.221,0202;4.221,0202
SP500;31-mei-2023;4.179,8255;-25,6952;-0,6110%;4.179,8255;4.179,8255;4.179,8255
SP500;30-mei-2023;4.205,5207;+0,0682;+0,0016%;4.205,5207;4.205,5207;4.205,5207
SP500;26-mei-2023;4.205,4525;+54,1726;+1,3050%;4.205,4525;4.205,4525;4.205,4525
SP500;25-mei-2023;4.151,2799;+36,0413;+0,8758%;4.151,2799;4.151,2799;4.151,2799
SP500;24-mei-2023;4.115,2386;-30,3366;-0,7318%;4.115,2386;4.115,2386;4.115,2386
SP500;23-mei-2023;4.145,5752;-47,0555;-1,1223%;4.145,5752;4.145,5752;4.145,5752
SP500;22-mei-2023;4.192,6307;+0,6509;+0,0155%;4.192,6307;4.192,6307;4.192,6307
SP500;19-mei-2023;4.191,9798;-6,0711;-0,1446%;4.191,9798;4.191,9798;4.191,9798
SP500;18-mei-2023;4.198,0509;+39,2801;+0,9445%;4.198,0509;4.198,0509;4.198,0509
SP500;17-mei-2023;4.158,7708;+48,8738;+1,1892%;4.158,7708;4.158,7708;4.158,7708
SP500;16-mei-2023;4.109,8970;-26,3872;-0,6379%;4.109,8970;4.109,8970;4.109,8970
SP500;15-mei-2023;4.136,2842;+12,2032;+0,2959%;4.136,2842;4.136,2842;4.136,2842
SP500;12-mei-2023;4.124,0810;-6,5403;-0,1583%;4.124,0810;4.124,0810;4.124,0810
SP500;11-mei-2023;4.130,6213;-7,0209;-0,1697%;4.130,6213;4.130,6213;4.130,6213
SP500;10-mei-2023;4.137,6422;+18,4688;+0,4484%;4.137,6422;4.137,6422;4.137,6422
SP500;09-mei-2023;4.119,1734;-18,9496;-0,4579%;4.119,1734;4.119,1734;4.119,1734
SP500;08-mei-2023;4.138,1230;+1,8696;+0,0452%;4.138,1230;4.138,1230;4.138,1230
SP500;05-mei-2023;4.136,2534;+75,0365;+1,8476%;4.136,2534;4.136,2534;4.136,2534
SP500;04-mei-2023;4.061,2169;-29,5353;-0,7220%;4.061,2169;4.061,2169;4.061,2169
SP500;03-mei-2023;4.090,7522;-28,8282;-0,6998%;4.090,7522;4.090,7522;4.090,7522
SP500;02-mei-2023;4.119,5804;-48,2865;-1,1585%;4.119,5804;4.119,5804;4.119,5804
SP500;01-mei-2023;4.167,8669;-1,6145;-0,0387%;4.167,8669;4.167,8669;4.167,8669
SP500;28-apr-2023;4.169,4814;+34,1292;+0,8253%;4.169,4814;4.169,4814;4.169,4814
SP500;27-apr-2023;4.135,3522;+79,3644;+1,9567%;4.135,3522;4.135,3522;4.135,3522
SP500;26-apr-2023;4.055,9878;-15,6426;-0,3842%;4.055,9878;4.055,9878;4.055,9878
SP500;25-apr-2023;4.071,6304;-65,4142;-1,5812%;4.071,6304;4.071,6304;4.071,6304
SP500;24-apr-2023;4.137,0446;+3,5233;+0,0852%;4.137,0446;4.137,0446;4.137,0446
SP500;21-apr-2023;4.133,5213;+3,7289;+0,0903%;4.133,5213;4.133,5213;4.133,5213
SP500;20-apr-2023;4.129,7924;-24,7266;-0,5952%;4.129,7924;4.129,7924;4.129,7924
SP500;19-apr-2023;4.154,5190;-0,3511;-0,0085%;4.154,5190;4.154,5190;4.154,5190
SP500;18-apr-2023;4.154,8701;+3,5477;+0,0855%;4.154,8701;4.154,8701;4.154,8701
SP500;17-apr-2023;4.151,3224;+13,6837;+0,3307%;4.151,3224;4.151,3224;4.151,3224
SP500;14-apr-2023;4.137,6387;-8,5774;-0,2069%;4.137,6387;4.137,6387;4.137,6387
SP500;13-apr-2023;4.146,2161;+54,2620;+1,3261%;4.146,2161;4.146,2161;4.146,2161
SP500;12-apr-2023;4.091,9541;-16,9869;-0,4134%;4.091,9541;4.091,9541;4.091,9541
SP500;11-apr-2023;4.108,9410;-0,1714;-0,0042%;4.108,9410;4.108,9410;4.108,9410
SP500;10-apr-2023;4.109,1124;+4,0937;+0,0997%;4.109,1124;4.109,1124;4.109,1124
SP500;06-apr-2023;4.105,0187;+14,6434;+0,3580%;4.105,0187;4.105,0187;4.105,0187
SP500;05-apr-2023;4.090,3753;-10,2237;-0,2493%;4.090,3753;4.090,3753;4.090,3753
SP500;04-apr-2023;4.100,5990;-23,9070;-0,5796%;4.100,5990;4.100,5990;4.100,5990
SP500;03-apr-2023;4.124,5060;+15,1936;+0,3697%;4.124,5060;4.124,5060;4.124,5060
SP500;31-mrt-2023;4.109,3124;+58,4833;+1,4437%;4.109,3124;4.109,3124;4.109,3124
SP500;30-mrt-2023;4.050,8291;+23,0173;+0,5715%;4.050,8291;4.050,8291;4.050,8291
SP500;29-mrt-2023;4.027,8118;+56,5416;+1,4238%;4.027,8118;4.027,8118;4.027,8118
SP500;28-mrt-2023;3.971,2702;-6,2580;-0,1573%;3.971,2702;3.971,2702;3.971,2702
SP500;27-mrt-2023;3.977,5282;+6,5418;+0,1647%;3.977,5282;3.977,5282;3.977,5282
SP500;24-mrt-2023;3.970,9864;+22,2627;+0,5638%;3.970,9864;3.970,9864;3.970,9864
SP500;23-mrt-2023;3.948,7237;+11,7523;+0,2985%;3.948,7237;3.948,7237;3.948,7237
SP500;22-mrt-2023;3.936,9714;-65,9021;-1,6464%;3.936,9714;3.936,9714;3.936,9714
SP500;21-mrt-2023;4.002,8735;+51,3046;+1,2983%;4.002,8735;4.002,8735;4.002,8735
SP500;20-mrt-2023;3.951,5689;+34,9317;+0,8919%;3.951,5689;3.951,5689;3.951,5689
SP500;17-mrt-2023;3.916,6372;-43,6439;-1,1020%;3.916,6372;3.916,6372;3.916,6372
SP500;16-mrt-2023;3.960,2811;+68,3544;+1,7563%;3.960,2811;3.960,2811;3.960,2811
SP500;15-mrt-2023;3.891,9267;-27,3603;-0,6981%;3.891,9267;3.891,9267;3.891,9267
SP500;14-mrt-2023;3.919,2870;+63,5251;+1,6475%;3.919,2870;3.919,2870;3.919,2870
SP500;13-mrt-2023;3.855,7619;-5,8280;-0,1509%;3.855,7619;3.855,7619;3.855,7619
SP500;10-mrt-2023;3.861,5899;-56,7315;-1,4479%;3.861,5899;3.861,5899;3.861,5899
SP500;09-mrt-2023;3.918,3214;-73,6918;-1,8460%;3.918,3214;3.918,3214;3.918,3214
SP500;08-mrt-2023;3.992,0132;+5,6404;+0,1415%;3.992,0132;3.992,0132;3.992,0132
SP500;07-mrt-2023;3.986,3728;-62,0450;-1,5326%;3.986,3728;3.986,3728;3.986,3728
SP500;06-mrt-2023;4.048,4178;+2,7802;+0,0687%;4.048,4178;4.048,4178;4.048,4178
SP500;03-mrt-2023;4.045,6376;+64,2853;+1,6147%;4.045,6376;4.045,6376;4.045,6376
SP500;02-mrt-2023;3.981,3523;+29,9580;+0,7582%;3.981,3523;3.981,3523;3.981,3523
SP500;01-mrt-2023;3.951,3943;-18,7591;-0,4725%;3.951,3943;3.951,3943;3.951,3943
SP500;28-feb-2023;3.970,1534;-12,0869;-0,3035%;3.970,1534;3.970,1534;3.970,1534
SP500;27-feb-2023;3.982,2403;+12,2035;+0,3074%;3.982,2403;3.982,2403;3.982,2403
SP500;24-feb-2023;3.970,0368;-42,2864;-1,0539%;3.970,0368;3.970,0368;3.970,0368
SP500;23-feb-2023;4.012,3232;+21,2755;+0,5331%;4.012,3232;4.012,3232;4.012,3232
SP500;22-feb-2023;3.991,0477;-6,2891;-0,1573%;3.991,0477;3.991,0477;3.991,0477
SP500;21-feb-2023;3.997,3368;-81,7579;-2,0043%;3.997,3368;3.997,3368;3.997,3368
SP500;17-feb-2023;4.079,0947;-11,3143;-0,2766%;4.079,0947;4.079,0947;4.079,0947
SP500;16-feb-2023;4.090,4090;-57,1939;-1,3790%;4.090,4090;4.090,4090;4.090,4090
SP500;15-feb-2023;4.147,6029;+11,4699;+0,2773%;4.147,6029;4.147,6029;4.147,6029
SP500;14-feb-2023;4.136,1330;-1,1541;-0,0279%;4.136,1330;4.136,1330;4.136,1330
SP500;13-feb-2023;4.137,2871;+46,8251;+1,1447%;4.137,2871;4.137,2871;4.137,2871
SP500;10-feb-2023;4.090,4620;+8,9574;+0,2195%;4.090,4620;4.090,4620;4.090,4620
SP500;09-feb-2023;4.081,5046;-36,3602;-0,8830%;4.081,5046;4.081,5046;4.081,5046
SP500;08-feb-2023;4.117,8648;-46,1348;-1,1079%;4.117,8648;4.117,8648;4.117,8648
SP500;07-feb-2023;4.163,9996;+52,9187;+1,2872%;4.163,9996;4.163,9996;4.163,9996
SP500;06-feb-2023;4.111,0809;-25,4007;-0,6141%;4.111,0809;4.111,0809;4.111,0809
SP500;03-feb-2023;4.136,4816;-43,2740;-1,0353%;4.136,4816;4.136,4816;4.136,4816
SP500;02-feb-2023;4.179,7556;+60,5452;+1,4698%;4.179,7556;4.179,7556;4.179,7556
SP500;01-feb-2023;4.119,2104;+42,6066;+1,0451%;4.119,2104;4.119,2104;4.119,2104
SP500;31-jan-2023;4.076,6038;+58,8312;+1,4643%;4.076,6038;4.076,6038;4.076,6038
SP500;30-jan-2023;4.017,7726;-52,7857;-1,2968%;4.017,7726;4.017,7726;4.017,7726
SP500;27-jan-2023;4.070,5583;+10,1309;+0,2495%;4.070,5583;4.070,5583;4.070,5583
SP500;26-jan-2023;4.060,4274;+44,2082;+1,1007%;4.060,4274;4.060,4274;4.060,4274
SP500;25-jan-2023;4.016,2192;-0,7305;-0,0182%;4.016,2192;4.016,2192;4.016,2192
SP500;24-jan-2023;4.016,9497;-2,8644;-0,0713%;4.016,9497;4.016,9497;4.016,9497
SP500;23-jan-2023;4.019,8141;+47,2036;+1,1882%;4.019,8141;4.019,8141;4.019,8141
SP500;20-jan-2023;3.972,6105;+73,7557;+1,8917%;3.972,6105;3.972,6105;3.972,6105
SP500;19-jan-2023;3.898,8548;-30,0075;-0,7638%;3.898,8548;3.898,8548;3.898,8548
SP500;18-jan-2023;3.928,8623;-62,1078;-1,5562%;3.928,8623;3.928,8623;3.928,8623
SP500;17-jan-2023;3.990,9701;-8,1207;-0,2031%;3.990,9701;3.990,9701;3.990,9701
SP500;13-jan-2023;3.999,0908;+15,9243;+0,3998%;3.999,0908;3.999,0908;3.999,0908
SP500;12-jan-2023;3.983,1665;+13,5524;+0,3414%;3.983,1665;3.983,1665;3.983,1665
SP500;11-jan-2023;3.969,6141;+50,3607;+1,2850%;3.969,6141;3.969,6141;3.969,6141
SP500;10-jan-2023;3.919,2534;+27,1624;+0,6979%;3.919,2534;3.919,2534;3.919,2534
SP500;09-jan-2023;3.892,0910;-2,9846;-0,0766%;3.892,0910;3.892,0910;3.892,0910
SP500;06-jan-2023;3.895,0756;+86,9727;+2,2839%;3.895,0756;3.895,0756;3.895,0756
SP500;05-jan-2023;3.808,1029;-44,8627;-1,1644%;3.808,1029;3.808,1029;3.808,1029
SP500;04-jan-2023;3.852,9656;+28,8274;+0,7538%;3.852,9656;3.852,9656;3.852,9656
SP500;03-jan-2023;3.824,1382;-15,3584;-0,4000%;3.824,1382;3.824,1382;3.824,1382
SP500;30-dec-2022;3.839,4966;-9,7866;-0,2542%;3.839,4966;3.839,4966;3.839,4966
SP500;29-dec-2022;3.849,2832;+66,0613;+1,7462%;3.849,2832;3.849,2832;3.849,2832
SP500;28-dec-2022;3.783,2219;-46,0274;-1,2020%;3.783,2219;3.783,2219;3.783,2219
SP500;27-dec-2022;3.829,2493;-15,5657;-0,4048%;3.829,2493;3.829,2493;3.829,2493
SP500;23-dec-2022;3.844,8150;+22,4283;+0,5868%;3.844,8150;3.844,8150;3.844,8150
SP500;22-dec-2022;3.822,3867;-56,0533;-1,4453%;3.822,3867;3.822,3867;3.822,3867
SP500;21-dec-2022;3.878,4400;+56,8206;+1,4868%;3.878,4400;3.878,4400;3.878,4400
SP500;20-dec-2022;3.821,6194;+3,9612;+0,1038%;3.821,6194;3.821,6194;3.821,6194
SP500;19-dec-2022;3.817,6582;-34,7054;-0,9009%;3.817,6582;3.817,6582;3.817,6582
SP500;16-dec-2022;3.852,3636;-43,3897;-1,1138%;3.852,3636;3.852,3636;3.852,3636
SP500;15-dec-2022;3.895,7533;-99,5654;-2,4921%;3.895,7533;3.895,7533;3.895,7533
SP500;14-dec-2022;3.995,3187;-24,3357;-0,6054%;3.995,3187;3.995,3187;3.995,3187
SP500;13-dec-2022;4.019,6544;+29,0969;+0,7291%;4.019,6544;4.019,6544;4.019,6544
SP500;12-dec-2022;3.990,5575;+56,1810;+1,4280%;3.990,5575;3.990,5575;3.990,5575
SP500;09-dec-2022;3.934,3765;-29,1352;-0,7351%;3.934,3765;3.934,3765;3.934,3765
SP500;08-dec-2022;3.963,5117;+29,5878;+0,7521%;3.963,5117;3.963,5117;3.963,5117
SP500;07-dec-2022;3.933,9239;-7,3361;-0,1861%;3.933,9239;3.933,9239;3.933,9239
SP500;06-dec-2022;3.941,2600;-57,5801;-1,4399%;3.941,2600;3.941,2600;3.941,2600
SP500;05-dec-2022;3.998,8401;-72,8599;-1,7894%;3.998,8401;3.998,8401;3.998,8401
SP500;02-dec-2022;4.071,7000;-4,8665;-0,1194%;4.071,7000;4.071,7000;4.071,7000
SP500;01-dec-2022;4.076,5665;-3,5401;-0,0868%;4.076,5665;4.076,5665;4.076,5665
SP500;30-nov-2022;4.080,1066;+122,4807;+3,0948%;4.080,1066;4.080,1066;4.080,1066
SP500;29-nov-2022;3.957,6259;-6,3160;-0,1593%;3.957,6259;3.957,6259;3.957,6259
SP500;28-nov-2022;3.963,9419;-62,1736;-1,5443%;3.963,9419;3.963,9419;3.963,9419
SP500;25-nov-2022;4.026,1155;-1,1467;-0,0285%;4.026,1155;4.026,1155;4.026,1155
SP500;23-nov-2022;4.027,2622;+23,6838;+0,5916%;4.027,2622;4.027,2622;4.027,2622
SP500;22-nov-2022;4.003,5784;+53,6412;+1,3580%;4.003,5784;4.003,5784;4.003,5784
SP500;21-nov-2022;3.949,9372;-15,4021;-0,3884%;3.949,9372;3.949,9372;3.949,9372
SP500;18-nov-2022;3.965,3393;+18,7813;+0,4759%;3.965,3393;3.965,3393;3.965,3393
SP500;17-nov-2022;3.946,5580;-12,2354;-0,3091%;3.946,5580;3.946,5580;3.946,5580
SP500;16-nov-2022;3.958,7934;-32,9399;-0,8252%;3.958,7934;3.958,7934;3.958,7934
SP500;15-nov-2022;3.991,7333;+34,4803;+0,8713%;3.991,7333;3.991,7333;3.991,7333
SP500;14-nov-2022;3.957,2530;-35,6747;-0,8934%;3.957,2530;3.957,2530;3.957,2530
SP500;11-nov-2022;3.992,9277;+36,5574;+0,9240%;3.992,9277;3.992,9277;3.992,9277
SP500;10-nov-2022;3.956,3703;+207,7977;+5,5434%;3.956,3703;3.956,3703;3.956,3703
SP500;09-nov-2022;3.748,5726;-79,5355;-2,0777%;3.748,5726;3.748,5726;3.748,5726
SP500;08-nov-2022;3.828,1081;+21,3031;+0,5596%;3.828,1081;3.828,1081;3.828,1081
SP500;07-nov-2022;3.806,8050;+36,2586;+0,9616%;3.806,8050;3.806,8050;3.806,8050
SP500;04-nov-2022;3.770,5464;+50,6531;+1,3617%;3.770,5464;3.770,5464;3.770,5464
SP500;03-nov-2022;3.719,8933;-39,7972;-1,0585%;3.719,8933;3.719,8933;3.719,8933
SP500;02-nov-2022;3.759,6905;-96,4113;-2,5002%;3.759,6905;3.759,6905;3.759,6905
SP500;01-nov-2022;3.856,1018;-15,8754;-0,4100%;3.856,1018;3.856,1018;3.856,1018
SP500;31-okt-2022;3.871,9772;-29,0866;-0,7456%;3.871,9772;3.871,9772;3.871,9772
SP500;28-okt-2022;3.901,0638;+93,7657;+2,4628%;3.901,0638;3.901,0638;3.901,0638
SP500;27-okt-2022;3.807,2981;-23,2978;-0,6082%;3.807,2981;3.807,2981;3.807,2981
SP500;26-okt-2022;3.830,5959;-28,5176;-0,7390%;3.830,5959;3.830,5959;3.830,5959
SP500;25-okt-2022;3.859,1135;+61,7757;+1,6268%;3.859,1135;3.859,1135;3.859,1135
SP500;24-okt-2022;3.797,3378;+44,5899;+1,1882%;3.797,3378;3.797,3378;3.797,3378
SP500;21-okt-2022;3.752,7479;+86,9676;+2,3724%;3.752,7479;3.752,7479;3.752,7479
SP500;20-okt-2022;3.665,7803;-29,3748;-0,7950%;3.665,7803;3.665,7803;3.665,7803
SP500;19-okt-2022;3.695,1551;-24,8276;-0,6674%;3.695,1551;3.695,1551;3.695,1551
SP500;18-okt-2022;3.719,9827;+42,0289;+1,1427%;3.719,9827;3.719,9827;3.719,9827
SP500;17-okt-2022;3.677,9538;+94,8847;+2,6481%;3.677,9538;3.677,9538;3.677,9538
SP500;14-okt-2022;3.583,0691;-86,8366;-2,3662%;3.583,0691;3.583,0691;3.583,0691
SP500;13-okt-2022;3.669,9057;+92,8740;+2,5964%;3.669,9057;3.669,9057;3.669,9057
SP500;12-okt-2022;3.577,0317;-11,8102;-0,3291%;3.577,0317;3.577,0317;3.577,0317
SP500;11-okt-2022;3.588,8419;-23,5456;-0,6518%;3.588,8419;3.588,8419;3.588,8419
SP500;10-okt-2022;3.612,3875;-27,2725;-0,7493%;3.612,3875;3.612,3875;3.612,3875
SP500;07-okt-2022;3.639,6600;-104,8598;-2,8004%;3.639,6600;3.639,6600;3.639,6600
SP500;06-okt-2022;3.744,5198;-38,7616;-1,0245%;3.744,5198;3.744,5198;3.744,5198
SP500;05-okt-2022;3.783,2814;-7,6475;-0,2017%;3.783,2814;3.783,2814;3.783,2814
SP500;04-okt-2022;3.790,9289;+112,5001;+3,0584%;3.790,9289;3.790,9289;3.790,9289
SP500;03-okt-2022;3.678,4288;+92,8047;+2,5882%;3.678,4288;3.678,4288;3.678,4288
SP500;30-sep-2022;3.585,6241;-54,8440;-1,5065%;3.585,6241;3.585,6241;3.585,6241
SP500;29-sep-2022;3.640,4681;-78,5706;-2,1127%;3.640,4681;3.640,4681;3.640,4681
SP500;28-sep-2022;3.719,0387;+71,7488;+1,9672%;3.719,0387;3.719,0387;3.719,0387
SP500;27-sep-2022;3.647,2899;-7,7523;-0,2121%;3.647,2899;3.647,2899;3.647,2899
SP500;26-sep-2022;3.655,0422;-38,1913;-1,0341%;3.655,0422;3.655,0422;3.655,0422
SP500;23-sep-2022;3.693,2335;-64,7577;-1,7232%;3.693,2335;3.693,2335;3.693,2335
SP500;22-sep-2022;3.757,9912;-31,9415;-0,8428%;3.757,9912;3.757,9912;3.757,9912
SP500;21-sep-2022;3.789,9327;-66,0016;-1,7117%;3.789,9327;3.789,9327;3.789,9327
SP500;20-sep-2022;3.855,9343;-43,9516;-1,1270%;3.855,9343;3.855,9343;3.855,9343
SP500;19-sep-2022;3.899,8859;+26,5516;+0,6855%;3.899,8859;3.899,8859;3.899,8859
SP500;16-sep-2022;3.873,3343;-28,0185;-0,7182%;3.873,3343;3.873,3343;3.873,3343
SP500;15-sep-2022;3.901,3528;-44,6596;-1,1318%;3.901,3528;3.901,3528;3.901,3528
SP500;14-sep-2022;3.946,0124;+13,3191;+0,3387%;3.946,0124;3.946,0124;3.946,0124
SP500;13-sep-2022;3.932,6933;-177,7148;-4,3235%;3.932,6933;3.932,6933;3.932,6933
SP500;12-sep-2022;4.110,4081;+43,0458;+1,0583%;4.110,4081;4.110,4081;4.110,4081
SP500;09-sep-2022;4.067,3623;+61,1832;+1,5272%;4.067,3623;4.067,3623;4.067,3623
SP500;08-sep-2022;4.006,1791;+26,3042;+0,6609%;4.006,1791;4.006,1791;4.006,1791
SP500;07-sep-2022;3.979,8749;+71,6849;+1,8342%;3.979,8749;3.979,8749;3.979,8749
SP500;06-sep-2022;3.908,1900;-16,0696;-0,4095%;3.908,1900;3.908,1900;3.908,1900
SP500;02-sep-2022;3.924,2596;-42,5907;-1,0737%;3.924,2596;3.924,2596;3.924,2596
SP500;01-sep-2022;3.966,8503;+11,8513;+0,2997%;3.966,8503;3.966,8503;3.966,8503
SP500;31-aug-2022;3.954,9990;-31,1629;-0,7818%;3.954,9990;3.954,9990;3.954,9990
SP500;30-aug-2022;3.986,1619;-44,4511;-1,1028%;3.986,1619;3.986,1619;3.986,1619
SP500;29-aug-2022;4.030,6130;-27,0501;-0,6666%;4.030,6130;4.030,6130;4.030,6130
SP500;26-aug-2022;4.057,6631;-141,4565;-3,3687%;4.057,6631;4.057,6631;4.057,6631
SP500;25-aug-2022;4.199,1196;+58,3512;+1,4092%;4.199,1196;4.199,1196;4.199,1196
SP500;24-aug-2022;4.140,7684;+12,0398;+0,2916%;4.140,7684;4.140,7684;4.140,7684
SP500;23-aug-2022;4.128,7286;-9,2568;-0,2237%;4.128,7286;4.128,7286;4.128,7286
SP500;22-aug-2022;4.137,9854;-90,4931;-2,1401%;4.137,9854;4.137,9854;4.137,9854
SP500;19-aug-2022;4.228,4785;-55,2643;-1,2901%;4.228,4785;4.228,4785;4.228,4785
SP500;18-aug-2022;4.283,7428;+9,7041;+0,2270%;4.283,7428;4.283,7428;4.283,7428
SP500;17-aug-2022;4.274,0387;-31,1606;-0,7238%;4.274,0387;4.274,0387;4.274,0387
SP500;16-aug-2022;4.305,1993;+8,0558;+0,1875%;4.305,1993;4.305,1993;4.305,1993
SP500;15-aug-2022;4.297,1435;+16,9930;+0,3970%;4.297,1435;4.297,1435;4.297,1435
SP500;12-aug-2022;4.280,1505;+72,8761;+1,7321%;4.280,1505;4.280,1505;4.280,1505
SP500;11-aug-2022;4.207,2744;-2,9661;-0,0704%;4.207,2744;4.207,2744;4.207,2744
SP500;10-aug-2022;4.210,2405;+87,7746;+2,1292%;4.210,2405;4.210,2405;4.210,2405
SP500;09-aug-2022;4.122,4659;-17,5925;-0,4249%;4.122,4659;4.122,4659;4.122,4659
SP500;08-aug-2022;4.140,0584;-5,1307;-0,1238%;4.140,0584;4.140,0584;4.140,0584
SP500;05-aug-2022;4.145,1891;-6,7551;-0,1627%;4.145,1891;4.145,1891;4.145,1891
SP500;04-aug-2022;4.151,9442;-3,2285;-0,0777%;4.151,9442;4.151,9442;4.151,9442
SP500;03-aug-2022;4.155,1727;+63,9876;+1,5640%;4.155,1727;4.155,1727;4.155,1727
SP500;02-aug-2022;4.091,1851;-27,4445;-0,6664%;4.091,1851;4.091,1851;4.091,1851
SP500;01-aug-2022;4.118,6296;-11,6562;-0,2822%;4.118,6296;4.118,6296;4.118,6296
SP500;29-jul-2022;4.130,2858;+57,8515;+1,4206%;4.130,2858;4.130,2858;4.130,2858
SP500;28-jul-2022;4.072,4343;+48,8219;+1,2134%;4.072,4343;4.072,4343;4.072,4343
SP500;27-jul-2022;4.023,6124;+102,5628;+2,6157%;4.023,6124;4.023,6124;4.023,6124
SP500;26-jul-2022;3.921,0496;-45,7954;-1,1545%;3.921,0496;3.921,0496;3.921,0496
SP500;25-jul-2022;3.966,8450;+5,2101;+0,1315%;3.966,8450;3.966,8450;3.966,8450
SP500;22-jul-2022;3.961,6349;-37,3165;-0,9332%;3.961,6349;3.961,6349;3.961,6349
SP500;21-jul-2022;3.998,9514;+39,0527;+0,9862%;3.998,9514;3.998,9514;3.998,9514
SP500;20-jul-2022;3.959,8987;+23,2092;+0,5896%;3.959,8987;3.959,8987;3.959,8987
SP500;19-jul-2022;3.936,6895;+105,8366;+2,7627%;3.936,6895;3.936,6895;3.936,6895
SP500;18-jul-2022;3.830,8529;-32,3099;-0,8364%;3.830,8529;3.830,8529;3.830,8529
SP500;15-jul-2022;3.863,1628;+72,7854;+1,9203%;3.863,1628;3.863,1628;3.863,1628
SP500;14-jul-2022;3.790,3774;-11,4032;-0,2999%;3.790,3774;3.790,3774;3.790,3774
SP500;13-jul-2022;3.801,7806;-17,0172;-0,4456%;3.801,7806;3.801,7806;3.801,7806
SP500;12-jul-2022;3.818,7978;-35,6355;-0,9245%;3.818,7978;3.818,7978;3.818,7978
SP500;11-jul-2022;3.854,4333;-44,9438;-1,1526%;3.854,4333;3.854,4333;3.854,4333
SP500;08-jul-2022;3.899,3771;-3,2454;-0,0832%;3.899,3771;3.899,3771;3.899,3771
SP500;07-jul-2022;3.902,6225;+57,5413;+1,4965%;3.902,6225;3.902,6225;3.902,6225
SP500;06-jul-2022;3.845,0812;+13,6908;+0,3573%;3.845,0812;3.845,0812;3.845,0812
SP500;05-jul-2022;3.831,3904;+6,0643;+0,1585%;3.831,3904;3.831,3904;3.831,3904
SP500;01-jul-2022;3.825,3261;+39,9413;+1,0551%;3.825,3261;3.825,3261;3.825,3261
SP500;30-jun-2022;3.785,3848;-33,4479;-0,8759%;3.785,3848;3.785,3848;3.785,3848
SP500;29-jun-2022;3.818,8327;-2,7132;-0,0710%;3.818,8327;3.818,8327;3.818,8327
SP500;28-jun-2022;3.821,5459;-78,5682;-2,0145%;3.821,5459;3.821,5459;3.821,5459
SP500;27-jun-2022;3.900,1141;-11,6298;-0,2973%;3.900,1141;3.900,1141;3.900,1141
SP500;24-jun-2022;3.911,7439;+116,0165;+3,0565%;3.911,7439;3.911,7439;3.911,7439
SP500;23-jun-2022;3.795,7274;+35,8343;+0,9531%;3.795,7274;3.795,7274;3.795,7274
SP500;22-jun-2022;3.759,8931;-4,8949;-0,1300%;3.759,8931;3.759,8931;3.759,8931
SP500;21-jun-2022;3.764,7880;+89,9466;+2,4476%;3.764,7880;3.764,7880;3.764,7880
SP500;17-jun-2022;3.674,8414;+8,0739;+0,2202%;3.674,8414;3.674,8414;3.674,8414
SP500;16-jun-2022;3.666,7675;-123,2188;-3,2512%;3.666,7675;3.666,7675;3.666,7675
SP500;15-jun-2022;3.789,9863;+54,5032;+1,4591%;3.789,9863;3.789,9863;3.789,9863
SP500;14-jun-2022;3.735,4831;-14,1442;-0,3772%;3.735,4831;3.735,4831;3.735,4831
SP500;13-jun-2022;3.749,6273;-151,2372;-3,8770%;3.749,6273;3.749,6273;3.749,6273
SP500;10-jun-2022;3.900,8645;-116,9540;-2,9109%;3.900,8645;3.900,8645;3.900,8645
SP500;09-jun-2022;4.017,8185;-97,9540;-2,3800%;4.017,8185;4.017,8185;4.017,8185
SP500;08-jun-2022;4.115,7725;-44,9108;-1,0794%;4.115,7725;4.115,7725;4.115,7725
SP500;07-jun-2022;4.160,6833;+39,2539;+0,9524%;4.160,6833;4.160,6833;4.160,6833
SP500;06-jun-2022;4.121,4294;+12,8940;+0,3138%;4.121,4294;4.121,4294;4.121,4294
SP500;03-jun-2022;4.108,5354;-68,2825;-1,6348%;4.108,5354;4.108,5354;4.108,5354
SP500;02-jun-2022;4.176,8179;+75,5881;+1,8431%;4.176,8179;4.176,8179;4.176,8179
SP500;01-jun-2022;4.101,2298;-30,9180;-0,7482%;4.101,2298;4.101,2298;4.101,2298
SP500;31-mei-2022;4.132,1478;-26,0906;-0,6274%;4.132,1478;4.132,1478;4.132,1478
SP500;27-mei-2022;4.158,2384;+100,3976;+2,4742%;4.158,2384;4.158,2384;4.158,2384
SP500;26-mei-2022;4.057,8408;+79,1081;+1,9883%;4.057,8408;4.057,8408;4.057,8408
SP500;25-mei-2022;3.978,7327;+37,2558;+0,9452%;3.978,7327;3.978,7327;3.978,7327
SP500;24-mei-2022;3.941,4769;-32,2747;-0,8122%;3.941,4769;3.941,4769;3.941,4769
SP500;23-mei-2022;3.973,7516;+72,3910;+1,8555%;3.973,7516;3.973,7516;3.973,7516
SP500;20-mei-2022;3.901,3606;+0,5737;+0,0147%;3.901,3606;3.901,3606;3.901,3606
SP500;19-mei-2022;3.900,7869;-22,8929;-0,5835%;3.900,7869;3.900,7869;3.900,7869
SP500;18-mei-2022;3.923,6798;-165,1706;-4,0395%;3.923,6798;3.923,6798;3.923,6798
SP500;17-mei-2022;4.088,8504;+80,8399;+2,0170%;4.088,8504;4.088,8504;4.088,8504
SP500;16-mei-2022;4.008,0105;-15,8808;-0,3947%;4.008,0105;4.008,0105;4.008,0105
SP500;13-mei-2022;4.023,8913;+93,8094;+2,3870%;4.023,8913;4.023,8913;4.023,8913
SP500;12-mei-2022;3.930,0819;-5,1027;-0,1297%;3.930,0819;3.930,0819;3.930,0819
SP500;11-mei-2022;3.935,1846;-65,8701;-1,6463%;3.935,1846;3.935,1846;3.935,1846
SP500;10-mei-2022;4.001,0547;+9,8173;+0,2460%;4.001,0547;4.001,0547;4.001,0547
SP500;09-mei-2022;3.991,2374;-132,0983;-3,2037%;3.991,2374;3.991,2374;3.991,2374
SP500;06-mei-2022;4.123,3357;-23,5319;-0,5675%;4.123,3357;4.123,3357;4.123,3357
SP500;05-mei-2022;4.146,8676;-153,3062;-3,5651%;4.146,8676;4.146,8676;4.146,8676
SP500;04-mei-2022;4.300,1738;+124,6981;+2,9864%;4.300,1738;4.300,1738;4.300,1738
SP500;03-mei-2022;4.175,4757;+20,0981;+0,4837%;4.175,4757;4.175,4757;4.175,4757
SP500;02-mei-2022;4.155,3776;+23,4512;+0,5676%;4.155,3776;4.155,3776;4.155,3776
SP500;29-apr-2022;4.131,9264;-155,5747;-3,6286%;4.131,9264;4.131,9264;4.131,9264
SP500;28-apr-2022;4.287,5011;+103,5458;+2,4748%;4.287,5011;4.287,5011;4.287,5011
SP500;27-apr-2022;4.183,9553;+8,7580;+0,2098%;4.183,9553;4.183,9553;4.183,9553
SP500;26-apr-2022;4.175,1973;-120,9192;-2,8146%;4.175,1973;4.175,1973;4.175,1973
SP500;25-apr-2022;4.296,1165;+24,3409;+0,5698%;4.296,1165;4.296,1165;4.296,1165
SP500;22-apr-2022;4.271,7756;-121,8879;-2,7742%;4.271,7756;4.271,7756;4.271,7756
SP500;21-apr-2022;4.393,6635;-65,7868;-1,4752%;4.393,6635;4.393,6635;4.393,6635
SP500;20-apr-2022;4.459,4503;-2,7598;-0,0618%;4.459,4503;4.459,4503;4.459,4503
SP500;19-apr-2022;4.462,2101;+70,5197;+1,6058%;4.462,2101;4.462,2101;4.462,2101
SP500;18-apr-2022;4.391,6904;-0,8973;-0,0204%;4.391,6904;4.391,6904;4.391,6904
SP500;14-apr-2022;4.392,5877;-54,0041;-1,2145%;4.392,5877;4.392,5877;4.392,5877
SP500;13-apr-2022;4.446,5918;+49,1446;+1,1176%;4.446,5918;4.446,5918;4.446,5918
SP500;12-apr-2022;4.397,4472;-15,0816;-0,3418%;4.397,4472;4.397,4472;4.397,4472
SP500;11-apr-2022;4.412,5288;-75,7530;-1,6878%;4.412,5288;4.412,5288;4.412,5288
SP500;08-apr-2022;4.488,2818;-11,9276;-0,2650%;4.488,2818;4.488,2818;4.488,2818
SP500;07-apr-2022;4.500,2094;+19,0561;+0,4252%;4.500,2094;4.500,2094;4.500,2094
SP500;06-apr-2022;4.481,1533;-43,9688;-0,9717%;4.481,1533;4.481,1533;4.481,1533
SP500;05-apr-2022;4.525,1221;-57,5140;-1,2550%;4.525,1221;4.525,1221;4.525,1221
SP500;04-apr-2022;4.582,6361;+36,7806;+0,8091%;4.582,6361;4.582,6361;4.582,6361
SP500;01-apr-2022;4.545,8555;+15,4420;+0,3409%;4.545,8555;4.545,8555;4.545,8555
SP500;31-mrt-2022;4.530,4135;-72,0351;-1,5651%;4.530,4135;4.530,4135;4.530,4135
SP500;30-mrt-2022;4.602,4486;-29,1563;-0,6295%;4.602,4486;4.602,4486;4.602,4486
SP500;29-mrt-2022;4.631,6049;+56,0886;+1,2258%;4.631,6049;4.631,6049;4.631,6049
SP500;28-mrt-2022;4.575,5163;+32,4599;+0,7145%;4.575,5163;4.575,5163;4.575,5163
SP500;25-mrt-2022;4.543,0564;+22,8949;+0,5065%;4.543,0564;4.543,0564;4.543,0564
SP500;24-mrt-2022;4.520,1615;+63,9255;+1,4345%;4.520,1615;4.520,1615;4.520,1615
SP500;23-mrt-2022;4.456,2360;-55,3702;-1,2273%;4.456,2360;4.456,2360;4.456,2360
SP500;22-mrt-2022;4.511,6062;+50,4261;+1,1303%;4.511,6062;4.511,6062;4.511,6062
SP500;21-mrt-2022;4.461,1801;-1,9375;-0,0434%;4.461,1801;4.461,1801;4.461,1801
SP500;18-mrt-2022;4.463,1176;+51,4500;+1,1662%;4.463,1176;4.463,1176;4.463,1176
SP500;17-mrt-2022;4.411,6676;+53,8105;+1,2348%;4.411,6676;4.411,6676;4.411,6676
SP500;16-mrt-2022;4.357,8571;+95,4115;+2,2384%;4.357,8571;4.357,8571;4.357,8571
SP500;15-mrt-2022;4.262,4456;+89,3339;+2,1407%;4.262,4456;4.262,4456;4.262,4456
SP500;14-mrt-2022;4.173,1117;-31,2002;-0,7421%;4.173,1117;4.173,1117;4.173,1117
SP500;11-mrt-2022;4.204,3119;-55,2131;-1,2962%;4.204,3119;4.204,3119;4.204,3119
SP500;10-mrt-2022;4.259,5250;-18,3551;-0,4291%;4.259,5250;4.259,5250;4.259,5250
SP500;09-mrt-2022;4.277,8801;+107,1760;+2,5697%;4.277,8801;4.277,8801;4.277,8801
SP500;08-mrt-2022;4.170,7041;-30,3837;-0,7232%;4.170,7041;4.170,7041;4.170,7041
SP500;07-mrt-2022;4.201,0878;-127,7851;-2,9519%;4.201,0878;4.201,0878;4.201,0878
SP500;04-mrt-2022;4.328,8729;-34,6138;-0,7933%;4.328,8729;4.328,8729;4.328,8729
SP500;03-mrt-2022;4.363,4867;-23,0574;-0,5256%;4.363,4867;4.363,4867;4.363,4867
SP500;02-mrt-2022;4.386,5441;+80,2852;+1,8644%;4.386,5441;4.386,5441;4.386,5441
SP500;01-mrt-2022;4.306,2589;-67,6802;-1,5474%;4.306,2589;4.306,2589;4.306,2589
SP500;28-feb-2022;4.373,9391;-10,7154;-0,2444%;4.373,9391;4.373,9391;4.373,9391
SP500;25-feb-2022;4.384,6545;+95,9585;+2,2375%;4.384,6545;4.384,6545;4.384,6545
SP500;24-feb-2022;4.288,6960;+63,1911;+1,4955%;4.288,6960;4.288,6960;4.288,6960
SP500;23-feb-2022;4.225,5049;-79,2527;-1,8410%;4.225,5049;4.225,5049;4.225,5049
SP500;22-feb-2022;4.304,7576;-44,1116;-1,0143%;4.304,7576;4.304,7576;4.304,7576
SP500;18-feb-2022;4.348,8692;-31,3894;-0,7166%;4.348,8692;4.348,8692;4.348,8692
SP500;17-feb-2022;4.380,2586;-94,7525;-2,1174%;4.380,2586;4.380,2586;4.380,2586
SP500;16-feb-2022;4.475,0111;+3,9369;+0,0881%;4.475,0111;4.475,0111;4.475,0111
SP500;15-feb-2022;4.471,0742;+69,4072;+1,5768%;4.471,0742;4.471,0742;4.471,0742
SP500;14-feb-2022;4.401,6670;-16,9695;-0,3840%;4.401,6670;4.401,6670;4.401,6670
SP500;11-feb-2022;4.418,6365;-85,4483;-1,8971%;4.418,6365;4.418,6365;4.418,6365
SP500;10-feb-2022;4.504,0848;-83,0941;-1,8114%;4.504,0848;4.504,0848;4.504,0848
SP500;09-feb-2022;4.587,1789;+65,6400;+1,4517%;4.587,1789;4.587,1789;4.587,1789
SP500;08-feb-2022;4.521,5389;+37,6736;+0,8402%;4.521,5389;4.521,5389;4.521,5389
SP500;07-feb-2022;4.483,8653;-16,6662;-0,3703%;4.483,8653;4.483,8653;4.483,8653
SP500;04-feb-2022;4.500,5315;+23,0895;+0,5157%;4.500,5315;4.500,5315;4.500,5315
SP500;03-feb-2022;4.477,4420;-111,9346;-2,4390%;4.477,4420;4.477,4420;4.477,4420
SP500;02-feb-2022;4.589,3766;+42,8376;+0,9422%;4.589,3766;4.589,3766;4.589,3766
SP500;01-feb-2022;4.546,5390;+30,9914;+0,6863%;4.546,5390;4.546,5390;4.546,5390
SP500;31-jan-2022;4.515,5476;+83,6985;+1,8886%;4.515,5476;4.515,5476;4.515,5476
SP500;28-jan-2022;4.431,8491;+105,3354;+2,4346%;4.431,8491;4.431,8491;4.431,8491
SP500;27-jan-2022;4.326,5137;-23,4149;-0,5383%;4.326,5137;4.326,5137;4.326,5137
SP500;26-jan-2022;4.349,9286;-6,5253;-0,1498%;4.349,9286;4.349,9286;4.349,9286
SP500;25-jan-2022;4.356,4539;-53,6735;-1,2171%;4.356,4539;4.356,4539;4.356,4539
SP500;24-jan-2022;4.410,1274;+12,1882;+0,2771%;4.410,1274;4.410,1274;4.410,1274
SP500;21-jan-2022;4.397,9392;-84,7884;-1,8914%;4.397,9392;4.397,9392;4.397,9392
SP500;20-jan-2022;4.482,7276;-50,0320;-1,1038%;4.482,7276;4.482,7276;4.482,7276
SP500;19-jan-2022;4.532,7596;-44,3488;-0,9689%;4.532,7596;4.532,7596;4.532,7596
SP500;18-jan-2022;4.577,1084;-85,7457;-1,8389%;4.577,1084;4.577,1084;4.577,1084
SP500;14-jan-2022;4.662,8541;+3,8286;+0,0822%;4.662,8541;4.662,8541;4.662,8541
SP500;13-jan-2022;4.659,0255;-67,3202;-1,4244%;4.659,0255;4.659,0255;4.659,0255
SP500;12-jan-2022;4.726,3457;+13,2784;+0,2817%;4.726,3457;4.726,3457;4.726,3457
SP500;11-jan-2022;4.713,0673;+42,7769;+0,9159%;4.713,0673;4.713,0673;4.713,0673
SP500;10-jan-2022;4.670,2904;-6,7373;-0,1441%;4.670,2904;4.670,2904;4.670,2904
SP500;07-jan-2022;4.677,0277;-19,0261;-0,4052%;4.677,0277;4.677,0277;4.677,0277
SP500;06-jan-2022;4.696,0538;-4,5246;-0,0963%;4.696,0538;4.696,0538;4.696,0538
SP500;05-jan-2022;4.700,5784;-92,9588;-1,9393%;4.700,5784;4.700,5784;4.700,5784
SP500;04-jan-2022;4.793,5372;-3,0240;-0,0630%;4.793,5372;4.793,5372;4.793,5372
SP500;03-jan-2022;4.796,5612;+30,3782;+0,6374%;4.796,5612;4.796,5612;4.796,5612
SP500;31-dec-2021;4.766,1830;-12,5439;-0,2625%;4.766,1830;4.766,1830;4.766,1830
SP500;30-dec-2021;4.778,7269;-14,3312;-0,2990%;4.778,7269;4.778,7269;4.778,7269
SP500;29-dec-2021;4.793,0581;+6,7040;+0,1401%;4.793,0581;4.793,0581;4.793,0581
SP500;28-dec-2021;4.786,3541;-4,8379;-0,1010%;4.786,3541;4.786,3541;4.786,3541
SP500;27-dec-2021;4.791,1920;+65,4038;+1,3840%;4.791,1920;4.791,1920;4.791,1920
SP500;23-dec-2021;4.725,7882;+29,2266;+0,6223%;4.725,7882;4.725,7882;4.725,7882
SP500;22-dec-2021;4.696,5616;+47,3350;+1,0181%;4.696,5616;4.696,5616;4.696,5616
SP500;21-dec-2021;4.649,2266;+81,2094;+1,7778%;4.649,2266;4.649,2266;4.649,2266
SP500;20-dec-2021;4.568,0172;-52,6218;-1,1388%;4.568,0172;4.568,0172;4.568,0172
SP500;17-dec-2021;4.620,6390;-48,0322;-1,0288%;4.620,6390;4.620,6390;4.620,6390
SP500;16-dec-2021;4.668,6712;-41,1827;-0,8744%;4.668,6712;4.668,6712;4.668,6712
SP500;15-dec-2021;4.709,8539;+75,7663;+1,6350%;4.709,8539;4.709,8539;4.709,8539
SP500;14-dec-2021;4.634,0876;-34,8845;-0,7472%;4.634,0876;4.634,0876;4.634,0876
SP500;13-dec-2021;4.668,9721;-43,0520;-0,9137%;4.668,9721;4.668,9721;4.668,9721
SP500;10-dec-2021;4.712,0241;+44,5701;+0,9549%;4.712,0241;4.712,0241;4.712,0241
SP500;09-dec-2021;4.667,4540;-33,7539;-0,7180%;4.667,4540;4.667,4540;4.667,4540
SP500;08-dec-2021;4.701,2079;+14,4624;+0,3086%;4.701,2079;4.701,2079;4.701,2079
SP500;07-dec-2021;4.686,7455;+95,0737;+2,0706%;4.686,7455;4.686,7455;4.686,7455
SP500;06-dec-2021;4.591,6718;+53,2439;+1,1732%;4.591,6718;4.591,6718;4.591,6718
SP500;03-dec-2021;4.538,4279;-38,6726;-0,8449%;4.538,4279;4.538,4279;4.538,4279
SP500;02-dec-2021;4.577,1005;+64,0643;+1,4195%;4.577,1005;4.577,1005;4.577,1005
SP500;01-dec-2021;4.513,0362;-53,9653;-1,1816%;4.513,0362;4.513,0362;4.513,0362
SP500;30-nov-2021;4.567,0015;-88,2687;-1,8961%;4.567,0015;4.567,0015;4.567,0015
SP500;29-nov-2021;4.655,2702;+60,6519;+1,3201%;4.655,2702;4.655,2702;4.655,2702
SP500;26-nov-2021;4.594,6183;-106,8466;-2,2726%;4.594,6183;4.594,6183;4.594,6183
SP500;24-nov-2021;4.701,4649;+10,7668;+0,2295%;4.701,4649;4.701,4649;4.701,4649
SP500;23-nov-2021;4.690,6981;+7,7542;+0,1656%;4.690,6981;4.690,6981;4.690,6981
SP500;22-nov-2021;4.682,9439;-15,0112;-0,3195%;4.682,9439;4.682,9439;4.682,9439
SP500;19-nov-2021;4.697,9551;-6,5868;-0,1400%;4.697,9551;4.697,9551;4.697,9551
SP500;18-nov-2021;4.704,5419;+15,8712;+0,3385%;4.704,5419;4.704,5419;4.704,5419
SP500;17-nov-2021;4.688,6707;-12,2264;-0,2601%;4.688,6707;4.688,6707;4.688,6707
SP500;16-nov-2021;4.700,8971;+18,0936;+0,3864%;4.700,8971;4.700,8971;4.700,8971
SP500;15-nov-2021;4.682,8035;-0,0439;-0,0009%;4.682,8035;4.682,8035;4.682,8035
SP500;12-nov-2021;4.682,8474;+33,5782;+0,7222%;4.682,8474;4.682,8474;4.682,8474
SP500;11-nov-2021;4.649,2692;+2,5615;+0,0551%;4.649,2692;4.649,2692;4.649,2692
SP500;10-nov-2021;4.646,7077;-38,5435;-0,8227%;4.646,7077;4.646,7077;4.646,7077
SP500;09-nov-2021;4.685,2512;-16,4508;-0,3499%;4.685,2512;4.685,2512;4.685,2512
SP500;08-nov-2021;4.701,7020;+4,1752;+0,0889%;4.701,7020;4.701,7020;4.701,7020
SP500;05-nov-2021;4.697,5268;+17,4710;+0,3733%;4.697,5268;4.697,5268;4.697,5268
SP500;04-nov-2021;4.680,0558;+19,4862;+0,4181%;4.680,0558;4.680,0558;4.680,0558
SP500;03-nov-2021;4.660,5696;+29,9162;+0,6460%;4.660,5696;4.660,5696;4.660,5696
SP500;02-nov-2021;4.630,6534;+16,9804;+0,3680%;4.630,6534;4.630,6534;4.630,6534
SP500;01-nov-2021;4.613,6730;+8,2964;+0,1801%;4.613,6730;4.613,6730;4.613,6730
SP500;29-okt-2021;4.605,3766;+8,9615;+0,1950%;4.605,3766;4.605,3766;4.605,3766
SP500;28-okt-2021;4.596,4151;+44,7340;+0,9828%;4.596,4151;4.596,4151;4.596,4151
SP500;27-okt-2021;4.551,6811;-23,1077;-0,5051%;4.551,6811;4.551,6811;4.551,6811
SP500;26-okt-2021;4.574,7888;+8,3108;+0,1820%;4.574,7888;4.574,7888;4.574,7888
SP500;25-okt-2021;4.566,4780;+21,5797;+0,4748%;4.566,4780;4.566,4780;4.566,4780
SP500;22-okt-2021;4.544,8983;-4,8830;-0,1073%;4.544,8983;4.544,8983;4.544,8983
SP500;21-okt-2021;4.549,7813;+13,5892;+0,2996%;4.549,7813;4.549,7813;4.549,7813
SP500;20-okt-2021;4.536,1921;+16,5615;+0,3664%;4.536,1921;4.536,1921;4.536,1921
SP500;19-okt-2021;4.519,6306;+33,1701;+0,7393%;4.519,6306;4.519,6306;4.519,6306
SP500;18-okt-2021;4.486,4605;+15,0920;+0,3375%;4.486,4605;4.486,4605;4.486,4605
SP500;15-okt-2021;4.471,3685;+33,1041;+0,7459%;4.471,3685;4.471,3685;4.471,3685
SP500;14-okt-2021;4.438,2644;+74,4599;+1,7063%;4.438,2644;4.438,2644;4.438,2644
SP500;13-okt-2021;4.363,8045;+13,1585;+0,3024%;4.363,8045;4.363,8045;4.363,8045
SP500;12-okt-2021;4.350,6460;-10,5445;-0,2418%;4.350,6460;4.350,6460;4.350,6460
SP500;11-okt-2021;4.361,1905;-30,1476;-0,6865%;4.361,1905;4.361,1905;4.361,1905
SP500;08-okt-2021;4.391,3381;-8,4252;-0,1915%;4.391,3381;4.391,3381;4.391,3381
SP500;07-okt-2021;4.399,7633;+36,2181;+0,8300%;4.399,7633;4.399,7633;4.399,7633
SP500;06-okt-2021;4.363,5452;+17,8290;+0,4103%;4.363,5452;4.363,5452;4.363,5452
SP500;05-okt-2021;4.345,7162;+45,2572;+1,0524%;4.345,7162;4.345,7162;4.345,7162
SP500;04-okt-2021;4.300,4590;-56,5799;-1,2986%;4.300,4590;4.300,4590;4.300,4590
SP500;01-okt-2021;4.357,0389;+49,5001;+1,1492%;4.357,0389;4.357,0389;4.357,0389
SP500;30-sep-2021;4.307,5388;-51,9223;-1,1910%;4.307,5388;4.307,5388;4.307,5388
SP500;29-sep-2021;4.359,4611;+6,8268;+0,1568%;4.359,4611;4.359,4611;4.359,4611
SP500;28-sep-2021;4.352,6343;-90,4761;-2,0363%;4.352,6343;4.352,6343;4.352,6343
SP500;27-sep-2021;4.443,1104;-12,3675;-0,2776%;4.443,1104;4.443,1104;4.443,1104
SP500;24-sep-2021;4.455,4779;+6,4938;+0,1460%;4.455,4779;4.455,4779;4.455,4779
SP500;23-sep-2021;4.448,9841;+53,3470;+1,2136%;4.448,9841;4.448,9841;4.448,9841
SP500;22-sep-2021;4.395,6371;+41,4482;+0,9519%;4.395,6371;4.395,6371;4.395,6371
SP500;21-sep-2021;4.354,1889;-3,5390;-0,0812%;4.354,1889;4.354,1889;4.354,1889
SP500;20-sep-2021;4.357,7279;-75,2596;-1,6977%;4.357,7279;4.357,7279;4.357,7279
SP500;17-sep-2021;4.432,9875;-40,7653;-0,9112%;4.432,9875;4.432,9875;4.432,9875
SP500;16-sep-2021;4.473,7528;-6,9487;-0,1551%;4.473,7528;4.473,7528;4.473,7528
SP500;15-sep-2021;4.480,7015;+37,6516;+0,8474%;4.480,7015;4.480,7015;4.480,7015
SP500;14-sep-2021;4.443,0499;-25,6764;-0,5746%;4.443,0499;4.443,0499;4.443,0499
SP500;13-sep-2021;4.468,7263;+10,1464;+0,2276%;4.468,7263;4.468,7263;4.468,7263
SP500;10-sep-2021;4.458,5799;-34,7044;-0,7724%;4.458,5799;4.458,5799;4.458,5799
SP500;09-sep-2021;4.493,2843;-20,7842;-0,4604%;4.493,2843;4.493,2843;4.493,2843
SP500;08-sep-2021;4.514,0685;-5,9593;-0,1318%;4.514,0685;4.514,0685;4.514,0685
SP500;07-sep-2021;4.520,0278;-15,4048;-0,3397%;4.520,0278;4.520,0278;4.520,0278
SP500;03-sep-2021;4.535,4326;-1,5136;-0,0334%;4.535,4326;4.535,4326;4.535,4326
SP500;02-sep-2021;4.536,9462;+12,8539;+0,2841%;4.536,9462;4.536,9462;4.536,9462
SP500;01-sep-2021;4.524,0923;+1,4122;+0,0312%;4.524,0923;4.524,0923;4.524,0923
SP500;31-aug-2021;4.522,6801;-6,1136;-0,1350%;4.522,6801;4.522,6801;4.522,6801
SP500;30-aug-2021;4.528,7937;+19,4246;+0,4308%;4.528,7937;4.528,7937;4.528,7937
SP500;27-aug-2021;4.509,3691;+39,3727;+0,8808%;4.509,3691;4.509,3691;4.509,3691
SP500;26-aug-2021;4.469,9964;-26,1945;-0,5826%;4.469,9964;4.469,9964;4.469,9964
SP500;25-aug-2021;4.496,1909;+9,9568;+0,2219%;4.496,1909;4.496,1909;4.496,1909
SP500;24-aug-2021;4.486,2341;+6,7036;+0,1496%;4.486,2341;4.486,2341;4.486,2341
SP500;23-aug-2021;4.479,5305;+37,8653;+0,8525%;4.479,5305;4.479,5305;4.479,5305
SP500;20-aug-2021;4.441,6652;+35,8623;+0,8140%;4.441,6652;4.441,6652;4.441,6652
SP500;19-aug-2021;4.405,8029;+5,5366;+0,1258%;4.405,8029;4.405,8029;4.405,8029
SP500;18-aug-2021;4.400,2663;-47,8091;-1,0748%;4.400,2663;4.400,2663;4.400,2663
SP500;17-aug-2021;4.448,0754;-31,6333;-0,7061%;4.448,0754;4.448,0754;4.448,0754
SP500;16-aug-2021;4.479,7087;+11,7055;+0,2620%;4.479,7087;4.479,7087;4.479,7087
SP500;13-aug-2021;4.468,0032;+7,1713;+0,1608%;4.468,0032;4.468,0032;4.468,0032
SP500;12-aug-2021;4.460,8319;+13,1283;+0,2952%;4.460,8319;4.460,8319;4.460,8319
SP500;11-aug-2021;4.447,7036;+10,9507;+0,2468%;4.447,7036;4.447,7036;4.447,7036
SP500;10-aug-2021;4.436,7529;+4,3999;+0,0993%;4.436,7529;4.436,7529;4.436,7529
SP500;09-aug-2021;4.432,3530;-4,1648;-0,0939%;4.432,3530;4.432,3530;4.432,3530
SP500;06-aug-2021;4.436,5178;+7,4148;+0,1674%;4.436,5178;4.436,5178;4.436,5178
SP500;05-aug-2021;4.429,1030;+26,4420;+0,6006%;4.429,1030;4.429,1030;4.429,1030
SP500;04-aug-2021;4.402,6610;-20,4926;-0,4633%;4.402,6610;4.402,6610;4.402,6610
SP500;03-aug-2021;4.423,1536;+35,9977;+0,8205%;4.423,1536;4.423,1536;4.423,1536
SP500;02-aug-2021;4.387,1559;-8,1081;-0,1845%;4.387,1559;4.387,1559;4.387,1559
SP500;30-jul-2021;4.395,2640;-23,8848;-0,5405%;4.395,2640;4.395,2640;4.395,2640
SP500;29-jul-2021;4.419,1488;+18,5133;+0,4207%;4.419,1488;4.419,1488;4.419,1488
SP500;28-jul-2021;4.400,6355;-0,8276;-0,0188%;4.400,6355;4.400,6355;4.400,6355
SP500;27-jul-2021;4.401,4631;-20,8404;-0,4713%;4.401,4631;4.401,4631;4.401,4631
SP500;26-jul-2021;4.422,3035;+10,5111;+0,2383%;4.422,3035;4.422,3035;4.422,3035
SP500;23-jul-2021;4.411,7924;+44,3173;+1,0147%;4.411,7924;4.411,7924;4.411,7924
SP500;22-jul-2021;4.367,4751;+8,7818;+0,2015%;4.367,4751;4.367,4751;4.367,4751
SP500;21-jul-2021;4.358,6933;+35,6347;+0,8243%;4.358,6933;4.358,6933;4.358,6933
SP500;20-jul-2021;4.323,0586;+64,5660;+1,5162%;4.323,0586;4.323,0586;4.323,0586
SP500;19-jul-2021;4.258,4926;-68,6656;-1,5869%;4.258,4926;4.258,4926;4.258,4926
SP500;16-jul-2021;4.327,1582;-32,8685;-0,7539%;4.327,1582;4.327,1582;4.327,1582
SP500;15-jul-2021;4.360,0267;-14,2699;-0,3262%;4.360,0267;4.360,0267;4.360,0267
SP500;14-jul-2021;4.374,2966;+5,0868;+0,1164%;4.374,2966;4.374,2966;4.374,2966
SP500;13-jul-2021;4.369,2098;-15,4159;-0,3516%;4.369,2098;4.369,2098;4.369,2098
SP500;12-jul-2021;4.384,6257;+15,0747;+0,3450%;4.384,6257;4.384,6257;4.384,6257
SP500;09-jul-2021;4.369,5510;+48,7334;+1,1279%;4.369,5510;4.369,5510;4.369,5510
SP500;08-jul-2021;4.320,8176;-37,3156;-0,8562%;4.320,8176;4.320,8176;4.320,8176
SP500;07-jul-2021;4.358,1332;+14,5901;+0,3359%;4.358,1332;4.358,1332;4.358,1332
SP500;06-jul-2021;4.343,5431;-8,7958;-0,2021%;4.343,5431;4.343,5431;4.343,5431
SP500;02-jul-2021;4.352,3389;+32,3988;+0,7500%;4.352,3389;4.352,3389;4.352,3389
SP500;01-jul-2021;4.319,9401;+22,4435;+0,5222%;4.319,9401;4.319,9401;4.319,9401
SP500;30-jun-2021;4.297,4966;+5,6949;+0,1327%;4.297,4966;4.297,4966;4.297,4966
SP500;29-jun-2021;4.291,8017;+1,1939;+0,0278%;4.291,8017;4.291,8017;4.291,8017
SP500;28-jun-2021;4.290,6078;+9,9054;+0,2314%;4.290,6078;4.290,6078;4.290,6078
SP500;25-jun-2021;4.280,7024;+14,2166;+0,3332%;4.280,7024;4.280,7024;4.280,7024
SP500;24-jun-2021;4.266,4858;+24,6498;+0,5811%;4.266,4858;4.266,4858;4.266,4858
SP500;23-jun-2021;4.241,8360;-4,5990;-0,1083%;4.241,8360;4.241,8360;4.241,8360
SP500;22-jun-2021;4.246,4350;+21,6472;+0,5124%;4.246,4350;4.246,4350;4.246,4350
SP500;21-jun-2021;4.224,7878;+58,3346;+1,4001%;4.224,7878;4.224,7878;4.224,7878
SP500;18-jun-2021;4.166,4532;-55,4051;-1,3123%;4.166,4532;4.166,4532;4.166,4532
SP500;17-jun-2021;4.221,8583;-1,8459;-0,0437%;4.221,8583;4.221,8583;4.221,8583
SP500;16-jun-2021;4.223,7042;-22,8898;-0,5390%;4.223,7042;4.223,7042;4.223,7042
SP500;15-jun-2021;4.246,5940;-8,5563;-0,2011%;4.246,5940;4.246,5940;4.246,5940
SP500;14-jun-2021;4.255,1503;+7,7105;+0,1815%;4.255,1503;4.255,1503;4.255,1503
SP500;11-jun-2021;4.247,4398;+8,2556;+0,1947%;4.247,4398;4.247,4398;4.247,4398
SP500;10-jun-2021;4.239,1842;+19,6374;+0,4654%;4.239,1842;4.239,1842;4.239,1842
SP500;09-jun-2021;4.219,5468;-7,7082;-0,1823%;4.219,5468;4.219,5468;4.219,5468
SP500;08-jun-2021;4.227,2550;+0,7348;+0,0174%;4.227,2550;4.227,2550;4.227,2550
SP500;07-jun-2021;4.226,5202;-3,3704;-0,0797%;4.226,5202;4.226,5202;4.226,5202
SP500;04-jun-2021;4.229,8906;+37,0358;+0,8833%;4.229,8906;4.229,8906;4.229,8906
SP500;03-jun-2021;4.192,8548;-15,2644;-0,3627%;4.192,8548;4.192,8548;4.192,8548
SP500;02-jun-2021;4.208,1192;+6,0776;+0,1446%;4.208,1192;4.208,1192;4.208,1192
SP500;01-jun-2021;4.202,0416;-2,0689;-0,0492%;4.202,0416;4.202,0416;4.202,0416
SP500;28-mei-2021;4.204,1105;+3,2347;+0,0770%;4.204,1105;4.204,1105;4.204,1105
SP500;27-mei-2021;4.200,8758;+4,8822;+0,1164%;4.200,8758;4.200,8758;4.200,8758
SP500;26-mei-2021;4.195,9936;+7,8595;+0,1877%;4.195,9936;4.195,9936;4.195,9936
SP500;25-mei-2021;4.188,1341;-8,9132;-0,2124%;4.188,1341;4.188,1341;4.188,1341
SP500;24-mei-2021;4.197,0473;+41,1895;+0,9911%;4.197,0473;4.197,0473;4.197,0473
SP500;21-mei-2021;4.155,8578;-3,2666;-0,0785%;4.155,8578;4.155,8578;4.155,8578
SP500;20-mei-2021;4.159,1244;+43,4476;+1,0557%;4.159,1244;4.159,1244;4.159,1244
SP500;19-mei-2021;4.115,6768;-12,1530;-0,2944%;4.115,6768;4.115,6768;4.115,6768
SP500;18-mei-2021;4.127,8298;-35,4607;-0,8517%;4.127,8298;4.127,8298;4.127,8298
SP500;17-mei-2021;4.163,2905;-10,5636;-0,2531%;4.163,2905;4.163,2905;4.163,2905
SP500;14-mei-2021;4.173,8541;+61,3581;+1,4920%;4.173,8541;4.173,8541;4.173,8541
SP500;13-mei-2021;4.112,4960;+49,4581;+1,2173%;4.112,4960;4.112,4960;4.112,4960
SP500;12-mei-2021;4.063,0379;-89,0574;-2,1449%;4.063,0379;4.063,0379;4.063,0379
SP500;11-mei-2021;4.152,0953;-36,3320;-0,8674%;4.152,0953;4.152,0953;4.152,0953
SP500;10-mei-2021;4.188,4273;-44,1741;-1,0437%;4.188,4273;4.188,4273;4.188,4273
SP500;07-mei-2021;4.232,6014;+30,9826;+0,7374%;4.232,6014;4.232,6014;4.232,6014
SP500;06-mei-2021;4.201,6188;+34,0310;+0,8166%;4.201,6188;4.201,6188;4.201,6188
SP500;05-mei-2021;4.167,5878;+2,9288;+0,0703%;4.167,5878;4.167,5878;4.167,5878
SP500;04-mei-2021;4.164,6590;-27,9986;-0,6678%;4.164,6590;4.164,6590;4.164,6590
SP500;03-mei-2021;4.192,6576;+11,4827;+0,2746%;4.192,6576;4.192,6576;4.192,6576
SP500;30-apr-2021;4.181,1749;-30,3000;-0,7195%;4.181,1749;4.181,1749;4.181,1749
SP500;29-apr-2021;4.211,4749;+28,2919;+0,6763%;4.211,4749;4.211,4749;4.211,4749
SP500;28-apr-2021;4.183,1830;-3,5352;-0,0844%;4.183,1830;4.183,1830;4.183,1830
SP500;27-apr-2021;4.186,7182;-0,8993;-0,0215%;4.186,7182;4.186,7182;4.186,7182
SP500;26-apr-2021;4.187,6175;+7,4501;+0,1782%;4.187,6175;4.187,6175;4.187,6175
SP500;23-apr-2021;4.180,1674;+45,1857;+1,0928%;4.180,1674;4.180,1674;4.180,1674
SP500;22-apr-2021;4.134,9817;-38,4399;-0,9211%;4.134,9817;4.134,9817;4.134,9817
SP500;21-apr-2021;4.173,4216;+38,4822;+0,9307%;4.173,4216;4.173,4216;4.173,4216
SP500;20-apr-2021;4.134,9394;-28,3187;-0,6802%;4.134,9394;4.134,9394;4.134,9394
SP500;19-apr-2021;4.163,2581;-22,2106;-0,5307%;4.163,2581;4.163,2581;4.163,2581
SP500;16-apr-2021;4.185,4687;+15,0459;+0,3608%;4.185,4687;4.185,4687;4.185,4687
SP500;15-apr-2021;4.170,4228;+45,7622;+1,1095%;4.170,4228;4.170,4228;4.170,4228
SP500;14-apr-2021;4.124,6606;-16,9332;-0,4089%;4.124,6606;4.124,6606;4.124,6606
SP500;13-apr-2021;4.141,5938;+13,6006;+0,3295%;4.141,5938;4.141,5938;4.141,5938
SP500;12-apr-2021;4.127,9932;-0,8089;-0,0196%;4.127,9932;4.127,9932;4.127,9932
SP500;09-apr-2021;4.128,8021;+31,6341;+0,7721%;4.128,8021;4.128,8021;4.128,8021
SP500;08-apr-2021;4.097,1680;+17,2151;+0,4219%;4.097,1680;4.097,1680;4.097,1680
SP500;07-apr-2021;4.079,9529;+6,0122;+0,1476%;4.079,9529;4.079,9529;4.079,9529
SP500;06-apr-2021;4.073,9407;-3,9730;-0,0974%;4.073,9407;4.073,9407;4.073,9407
SP500;05-apr-2021;4.077,9137;+58,0483;+1,4440%;4.077,9137;4.077,9137;4.077,9137
SP500;01-apr-2021;4.019,8654;+46,9732;+1,1823%;4.019,8654;4.019,8654;4.019,8654
SP500;31-mrt-2021;3.972,8922;+14,3399;+0,3623%;3.972,8922;3.972,8922;3.972,8922
SP500;30-mrt-2021;3.958,5523;-12,5424;-0,3158%;3.958,5523;3.958,5523;3.958,5523
SP500;29-mrt-2021;3.971,0947;-3,4422;-0,0866%;3.971,0947;3.971,0947;3.971,0947
SP500;26-mrt-2021;3.974,5369;+65,0214;+1,6632%;3.974,5369;3.974,5369;3.974,5369
SP500;25-mrt-2021;3.909,5155;+20,3735;+0,5239%;3.909,5155;3.909,5155;3.909,5155
SP500;24-mrt-2021;3.889,1420;-21,3738;-0,5466%;3.889,1420;3.889,1420;3.889,1420
SP500;23-mrt-2021;3.910,5158;-30,0694;-0,7631%;3.910,5158;3.910,5158;3.910,5158
SP500;22-mrt-2021;3.940,5852;+27,4860;+0,7024%;3.940,5852;3.940,5852;3.940,5852
SP500;19-mrt-2021;3.913,0992;-2,3621;-0,0603%;3.913,0992;3.913,0992;3.913,0992
SP500;18-mrt-2021;3.915,4613;-58,6550;-1,4759%;3.915,4613;3.915,4613;3.915,4613
SP500;17-mrt-2021;3.974,1163;+11,4088;+0,2879%;3.974,1163;3.974,1163;3.974,1163
SP500;16-mrt-2021;3.962,7075;-6,2297;-0,1570%;3.962,7075;3.962,7075;3.962,7075
SP500;15-mrt-2021;3.968,9372;+25,5944;+0,6491%;3.968,9372;3.968,9372;3.968,9372
SP500;12-mrt-2021;3.943,3428;+4,0044;+0,1017%;3.943,3428;3.943,3428;3.943,3428
SP500;11-mrt-2021;3.939,3384;+40,5333;+1,0396%;3.939,3384;3.939,3384;3.939,3384
SP500;10-mrt-2021;3.898,8051;+23,3626;+0,6028%;3.898,8051;3.898,8051;3.898,8051
SP500;09-mrt-2021;3.875,4425;+54,0958;+1,4156%;3.875,4425;3.875,4425;3.875,4425
SP500;08-mrt-2021;3.821,3467;-20,5947;-0,5360%;3.821,3467;3.821,3467;3.821,3467
SP500;05-mrt-2021;3.841,9414;+73,4677;+1,9495%;3.841,9414;3.841,9414;3.841,9414
SP500;04-mrt-2021;3.768,4737;-51,2428;-1,3415%;3.768,4737;3.768,4737;3.768,4737
SP500;03-mrt-2021;3.819,7165;-50,5773;-1,3068%;3.819,7165;3.819,7165;3.819,7165
SP500;02-mrt-2021;3.870,2938;-31,5218;-0,8079%;3.870,2938;3.870,2938;3.870,2938
SP500;01-mrt-2021;3.901,8156;+90,6659;+2,3790%;3.901,8156;3.901,8156;3.901,8156
SP500;26-feb-2021;3.811,1497;-18,1864;-0,4749%;3.811,1497;3.811,1497;3.811,1497
SP500;25-feb-2021;3.829,3361;-96,0915;-2,4479%;3.829,3361;3.829,3361;3.829,3361
SP500;24-feb-2021;3.925,4276;+44,0587;+1,1351%;3.925,4276;3.925,4276;3.925,4276
SP500;23-feb-2021;3.881,3689;+4,8690;+0,1256%;3.881,3689;3.881,3689;3.881,3689
SP500;22-feb-2021;3.876,4999;-30,2079;-0,7732%;3.876,4999;3.876,4999;3.876,4999
SP500;19-feb-2021;3.906,7078;-7,2635;-0,1856%;3.906,7078;3.906,7078;3.906,7078
SP500;18-feb-2021;3.913,9713;-17,3592;-0,4416%;3.913,9713;3.913,9713;3.913,9713
SP500;17-feb-2021;3.931,3305;-1,2588;-0,0320%;3.931,3305;3.931,3305;3.931,3305
SP500;16-feb-2021;3.932,5893;-2,2444;-0,0570%;3.932,5893;3.932,5893;3.932,5893
SP500;12-feb-2021;3.934,8337;+18,4587;+0,4713%;3.934,8337;3.934,8337;3.934,8337
SP500;11-feb-2021;3.916,3750;+6,4953;+0,1661%;3.916,3750;3.916,3750;3.916,3750
SP500;10-feb-2021;3.909,8797;-1,3480;-0,0345%;3.909,8797;3.909,8797;3.909,8797
SP500;09-feb-2021;3.911,2277;-4,3609;-0,1114%;3.911,2277;3.911,2277;3.911,2277
SP500;08-feb-2021;3.915,5886;+28,7569;+0,7399%;3.915,5886;3.915,5886;3.915,5886
SP500;05-feb-2021;3.886,8317;+15,0911;+0,3898%;3.886,8317;3.886,8317;3.886,8317
SP500;04-feb-2021;3.871,7406;+41,5681;+1,0853%;3.871,7406;3.871,7406;3.871,7406
SP500;03-feb-2021;3.830,1725;+3,8596;+0,1009%;3.830,1725;3.830,1725;3.830,1725
SP500;02-feb-2021;3.826,3129;+52,4558;+1,3900%;3.826,3129;3.826,3129;3.826,3129
SP500;01-feb-2021;3.773,8571;+59,6144;+1,6050%;3.773,8571;3.773,8571;3.773,8571
SP500;29-jan-2021;3.714,2427;-73,1342;-1,9310%;3.714,2427;3.714,2427;3.714,2427
SP500;28-jan-2021;3.787,3769;+36,6037;+0,9759%;3.787,3769;3.787,3769;3.787,3769
SP500;27-jan-2021;3.750,7732;-98,8481;-2,5677%;3.750,7732;3.750,7732;3.750,7732
SP500;26-jan-2021;3.849,6213;-5,7344;-0,1487%;3.849,6213;3.849,6213;3.849,6213
SP500;25-jan-2021;3.855,3557;+13,8901;+0,3616%;3.855,3557;3.855,3557;3.855,3557
SP500;22-jan-2021;3.841,4656;-11,6077;-0,3013%;3.841,4656;3.841,4656;3.841,4656
SP500;21-jan-2021;3.853,0733;+1,2274;+0,0319%;3.853,0733;3.853,0733;3.853,0733
SP500;20-jan-2021;3.851,8459;+52,9384;+1,3935%;3.851,8459;3.851,8459;3.851,8459
SP500;19-jan-2021;3.798,9075;+30,6612;+0,8137%;3.798,9075;3.798,9075;3.798,9075
SP500;15-jan-2021;3.768,2463;-27,2951;-0,7191%;3.768,2463;3.768,2463;3.768,2463
SP500;14-jan-2021;3.795,5414;-14,3019;-0,3754%;3.795,5414;3.795,5414;3.795,5414
SP500;13-jan-2021;3.809,8433;+8,6522;+0,2276%;3.809,8433;3.809,8433;3.809,8433
SP500;12-jan-2021;3.801,1911;+1,5859;+0,0417%;3.801,1911;3.801,1911;3.801,1911
SP500;11-jan-2021;3.799,6052;-25,0757;-0,6556%;3.799,6052;3.799,6052;3.799,6052
SP500;08-jan-2021;3.824,6809;+20,8905;+0,5492%;3.824,6809;3.824,6809;3.824,6809
SP500;07-jan-2021;3.803,7904;+55,6526;+1,4848%;3.803,7904;3.803,7904;3.803,7904
SP500;06-jan-2021;3.748,1378;+21,2820;+0,5710%;3.748,1378;3.748,1378;3.748,1378
SP500;05-jan-2021;3.726,8558;+26,2090;+0,7082%;3.726,8558;3.726,8558;3.726,8558
SP500;04-jan-2021;3.700,6468;-55,4247;-1,4756%;3.700,6468;3.700,6468;3.700,6468
SP500;31-dec-2020;3.756,0715;+24,0295;+0,6439%;3.756,0715;3.756,0715;3.756,0715
SP500;30-dec-2020;3.732,0420;+5,0019;+0,1342%;3.732,0420;3.732,0420;3.732,0420
SP500;29-dec-2020;3.727,0401;-8,3156;-0,2226%;3.727,0401;3.727,0401;3.727,0401
SP500;28-dec-2020;3.735,3557;+32,2979;+0,8722%;3.735,3557;3.735,3557;3.735,3557
SP500;24-dec-2020;3.703,0578;+13,0440;+0,3535%;3.703,0578;3.703,0578;3.703,0578
SP500;23-dec-2020;3.690,0138;+2,7533;+0,0747%;3.690,0138;3.690,0138;3.690,0138
SP500;22-dec-2020;3.687,2605;-7,6592;-0,2073%;3.687,2605;3.687,2605;3.687,2605
SP500;21-dec-2020;3.694,9197;-14,4887;-0,3906%;3.694,9197;3.694,9197;3.694,9197
SP500;18-dec-2020;3.709,4084;-13,0738;-0,3512%;3.709,4084;3.709,4084;3.709,4084
SP500;17-dec-2020;3.722,4822;+21,3084;+0,5757%;3.722,4822;3.722,4822;3.722,4822
SP500;16-dec-2020;3.701,1738;+6,5517;+0,1773%;3.701,1738;3.701,1738;3.701,1738
SP500;15-dec-2020;3.694,6221;+47,1289;+1,2921%;3.694,6221;3.694,6221;3.694,6221
SP500;14-dec-2020;3.647,4932;-15,9647;-0,4358%;3.647,4932;3.647,4932;3.647,4932
SP500;11-dec-2020;3.663,4579;-4,6458;-0,1267%;3.663,4579;3.663,4579;3.663,4579
SP500;10-dec-2020;3.668,1037;-4,7160;-0,1284%;3.668,1037;3.668,1037;3.668,1037
SP500;09-dec-2020;3.672,8197;-29,4283;-0,7949%;3.672,8197;3.672,8197;3.672,8197
SP500;08-dec-2020;3.702,2480;+10,2845;+0,2786%;3.702,2480;3.702,2480;3.702,2480
SP500;07-dec-2020;3.691,9635;-7,1579;-0,1935%;3.691,9635;3.691,9635;3.691,9635
SP500;04-dec-2020;3.699,1214;+32,4053;+0,8838%;3.699,1214;3.699,1214;3.699,1214
SP500;03-dec-2020;3.666,7161;-2,2895;-0,0624%;3.666,7161;3.666,7161;3.666,7161
SP500;02-dec-2020;3.669,0056;+6,5523;+0,1789%;3.669,0056;3.669,0056;3.669,0056
SP500;01-dec-2020;3.662,4533;+40,8199;+1,1271%;3.662,4533;3.662,4533;3.662,4533
SP500;30-nov-2020;3.621,6334;-16,7202;-0,4596%;3.621,6334;3.621,6334;3.621,6334
SP500;27-nov-2020;3.638,3536;+8,7076;+0,2399%;3.638,3536;3.638,3536;3.638,3536
SP500;25-nov-2020;3.629,6460;-5,7603;-0,1584%;3.629,6460;3.629,6460;3.629,6460
SP500;24-nov-2020;3.635,4063;+57,8159;+1,6161%;3.635,4063;3.635,4063;3.635,4063
SP500;23-nov-2020;3.577,5904;+20,0466;+0,5635%;3.577,5904;3.577,5904;3.577,5904
SP500;20-nov-2020;3.557,5438;-24,3231;-0,6791%;3.557,5438;3.557,5438;3.557,5438
SP500;19-nov-2020;3.581,8669;+14,0778;+0,3946%;3.581,8669;3.581,8669;3.581,8669
SP500;18-nov-2020;3.567,7891;-41,7426;-1,1565%;3.567,7891;3.567,7891;3.567,7891
SP500;17-nov-2020;3.609,5317;-17,3759;-0,4791%;3.609,5317;3.609,5317;3.609,5317
SP500;16-nov-2020;3.626,9076;+41,7541;+1,1646%;3.626,9076;3.626,9076;3.626,9076
SP500;13-nov-2020;3.585,1535;+48,1440;+1,3611%;3.585,1535;3.585,1535;3.585,1535
SP500;12-nov-2020;3.537,0095;-35,6509;-0,9979%;3.537,0095;3.537,0095;3.537,0095
SP500;11-nov-2020;3.572,6604;+27,1273;+0,7651%;3.572,6604;3.572,6604;3.572,6604
SP500;10-nov-2020;3.545,5331;-4,9663;-0,1399%;3.545,5331;3.545,5331;3.545,5331
SP500;09-nov-2020;3.550,4994;+41,0629;+1,1701%;3.550,4994;3.550,4994;3.550,4994
SP500;06-nov-2020;3.509,4365;-1,0111;-0,0288%;3.509,4365;3.509,4365;3.509,4365
SP500;05-nov-2020;3.510,4476;+67,0105;+1,9460%;3.510,4476;3.510,4476;3.510,4476
SP500;04-nov-2020;3.443,4371;+74,2805;+2,2047%;3.443,4371;3.443,4371;3.443,4371
SP500;03-nov-2020;3.369,1566;+58,9152;+1,7798%;3.369,1566;3.369,1566;3.369,1566
SP500;02-nov-2020;3.310,2414;+40,2823;+1,2319%;3.310,2414;3.310,2414;3.310,2414
SP500;30-okt-2020;3.269,9591;-40,1537;-1,2131%;3.269,9591;3.269,9591;3.269,9591
SP500;29-okt-2020;3.310,1128;+39,0854;+1,1949%;3.310,1128;3.310,1128;3.310,1128
SP500;28-okt-2020;3.271,0274;-119,6570;-3,5290%;3.271,0274;3.271,0274;3.271,0274
SP500;27-okt-2020;3.390,6844;-10,2838;-0,3024%;3.390,6844;3.390,6844;3.390,6844
SP500;26-okt-2020;3.400,9682;-64,4190;-1,8589%;3.400,9682;3.400,9682;3.400,9682
SP500;23-okt-2020;3.465,3872;+11,8970;+0,3445%;3.465,3872;3.465,3872;3.465,3872
SP500;22-okt-2020;3.453,4902;+17,9347;+0,5220%;3.453,4902;3.453,4902;3.453,4902
SP500;21-okt-2020;3.435,5555;-7,5613;-0,2196%;3.435,5555;3.435,5555;3.435,5555
SP500;20-okt-2020;3.443,1168;+16,1927;+0,4725%;3.443,1168;3.443,1168;3.443,1168
SP500;19-okt-2020;3.426,9241;-56,8837;-1,6328%;3.426,9241;3.426,9241;3.426,9241
SP500;16-okt-2020;3.483,8078;+0,4664;+0,0134%;3.483,8078;3.483,8078;3.483,8078
SP500;15-okt-2020;3.483,3414;-5,3246;-0,1526%;3.483,3414;3.483,3414;3.483,3414
SP500;14-okt-2020;3.488,6660;-23,2639;-0,6624%;3.488,6660;3.488,6660;3.488,6660
SP500;13-okt-2020;3.511,9299;-22,2861;-0,6306%;3.511,9299;3.511,9299;3.511,9299
SP500;12-okt-2020;3.534,2160;+57,0817;+1,6416%;3.534,2160;3.534,2160;3.534,2160
SP500;09-okt-2020;3.477,1343;+30,3059;+0,8792%;3.477,1343;3.477,1343;3.477,1343
SP500;08-okt-2020;3.446,8284;+27,3791;+0,8007%;3.446,8284;3.446,8284;3.446,8284
SP500;07-okt-2020;3.419,4493;+58,4972;+1,7405%;3.419,4493;3.419,4493;3.419,4493
SP500;06-okt-2020;3.360,9521;-47,6747;-1,3986%;3.360,9521;3.360,9521;3.360,9521
SP500;05-okt-2020;3.408,6268;+60,1831;+1,7973%;3.408,6268;3.408,6268;3.408,6268
SP500;02-okt-2020;3.348,4437;-32,3549;-0,9570%;3.348,4437;3.348,4437;3.348,4437
SP500;01-okt-2020;3.380,7986;+17,7996;+0,5293%;3.380,7986;3.380,7986;3.380,7986
SP500;30-sep-2020;3.362,9990;+27,5241;+0,8252%;3.362,9990;3.362,9990;3.362,9990
SP500;29-sep-2020;3.335,4749;-16,1247;-0,4811%;3.335,4749;3.335,4749;3.335,4749
SP500;28-sep-2020;3.351,5996;+53,1427;+1,6111%;3.351,5996;3.351,5996;3.351,5996
SP500;25-sep-2020;3.298,4569;+51,8693;+1,5977%;3.298,4569;3.298,4569;3.298,4569
SP500;24-sep-2020;3.246,5876;+9,6672;+0,2987%;3.246,5876;3.246,5876;3.246,5876
SP500;23-sep-2020;3.236,9204;-78,6459;-2,3720%;3.236,9204;3.236,9204;3.236,9204
SP500;22-sep-2020;3.315,5663;+34,5073;+1,0517%;3.315,5663;3.315,5663;3.315,5663
SP500;21-sep-2020;3.281,0590;-38,4068;-1,1570%;3.281,0590;3.281,0590;3.281,0590
SP500;18-sep-2020;3.319,4658;-37,5442;-1,1184%;3.319,4658;3.319,4658;3.319,4658
SP500;17-sep-2020;3.357,0100;-28,4810;-0,8413%;3.357,0100;3.357,0100;3.357,0100
SP500;16-sep-2020;3.385,4910;-15,7100;-0,4619%;3.385,4910;3.385,4910;3.385,4910
SP500;15-sep-2020;3.401,2010;+17,6594;+0,5219%;3.401,2010;3.401,2010;3.401,2010
SP500;14-sep-2020;3.383,5416;+42,5754;+1,2743%;3.383,5416;3.383,5416;3.383,5416
SP500;11-sep-2020;3.340,9662;+1,7811;+0,0533%;3.340,9662;3.340,9662;3.340,9662
SP500;10-sep-2020;3.339,1851;-59,7742;-1,7586%;3.339,1851;3.339,1851;3.339,1851
SP500;09-sep-2020;3.398,9593;+67,1165;+2,0144%;3.398,9593;3.398,9593;3.398,9593
SP500;08-sep-2020;3.331,8428;-95,1211;-2,7757%;3.331,8428;3.331,8428;3.331,8428
SP500;04-sep-2020;3.426,9639;-28,1010;-0,8133%;3.426,9639;3.426,9639;3.426,9639
SP500;03-sep-2020;3.455,0649;-125,7794;-3,5126%;3.455,0649;3.455,0649;3.455,0649
SP500;02-sep-2020;3.580,8443;+54,1930;+1,5367%;3.580,8443;3.580,8443;3.580,8443
SP500;01-sep-2020;3.526,6513;+26,3428;+0,7526%;3.526,6513;3.526,6513;3.526,6513
SP500;31-aug-2020;3.500,3085;-7,7062;-0,2197%;3.500,3085;3.500,3085;3.500,3085
SP500;28-aug-2020;3.508,0147;+23,4644;+0,6734%;3.508,0147;3.508,0147;3.508,0147
SP500;27-aug-2020;3.484,5503;+5,8180;+0,1672%;3.484,5503;3.484,5503;3.484,5503
SP500;26-aug-2020;3.478,7323;+35,1102;+1,0196%;3.478,7323;3.478,7323;3.478,7323
SP500;25-aug-2020;3.443,6221;+12,3400;+0,3596%;3.443,6221;3.443,6221;3.443,6221
SP500;24-aug-2020;3.431,2821;+34,1244;+1,0045%;3.431,2821;3.431,2821;3.431,2821
SP500;21-aug-2020;3.397,1577;+11,6442;+0,3439%;3.397,1577;3.397,1577;3.397,1577
SP500;20-aug-2020;3.385,5135;+10,6632;+0,3160%;3.385,5135;3.385,5135;3.385,5135
SP500;19-aug-2020;3.374,8503;-14,9247;-0,4403%;3.374,8503;3.374,8503;3.374,8503
SP500;18-aug-2020;3.389,7750;+7,7800;+0,2300%;3.389,7750;3.389,7750;3.389,7750
SP500;17-aug-2020;3.381,9950;+9,1482;+0,2712%;3.381,9950;3.381,9950;3.381,9950
SP500;14-aug-2020;3.372,8468;-0,5789;-0,0172%;3.372,8468;3.372,8468;3.372,8468
SP500;13-aug-2020;3.373,4257;-6,9241;-0,2048%;3.373,4257;3.373,4257;3.373,4257
SP500;12-aug-2020;3.380,3498;+46,6607;+1,3997%;3.380,3498;3.380,3498;3.380,3498
SP500;11-aug-2020;3.333,6891;-26,7836;-0,7970%;3.333,6891;3.333,6891;3.333,6891
SP500;10-aug-2020;3.360,4727;+9,1895;+0,2742%;3.360,4727;3.360,4727;3.360,4727
SP500;07-aug-2020;3.351,2832;+2,1272;+0,0635%;3.351,2832;3.351,2832;3.351,2832
SP500;06-aug-2020;3.349,1560;+21,3849;+0,6426%;3.349,1560;3.349,1560;3.349,1560
SP500;05-aug-2020;3.327,7711;+21,2635;+0,6431%;3.327,7711;3.327,7711;3.327,7711
SP500;04-aug-2020;3.306,5076;+11,8942;+0,3610%;3.306,5076;3.306,5076;3.306,5076
SP500;03-aug-2020;3.294,6134;+23,4885;+0,7181%;3.294,6134;3.294,6134;3.294,6134
SP500;31-jul-2020;3.271,1249;+24,9003;+0,7671%;3.271,1249;3.271,1249;3.271,1249
SP500;30-jul-2020;3.246,2246;-12,2144;-0,3749%;3.246,2246;3.246,2246;3.246,2246
SP500;29-jul-2020;3.258,4390;+40,0038;+1,2430%;3.258,4390;3.258,4390;3.258,4390
SP500;28-jul-2020;3.218,4352;-20,9711;-0,6474%;3.218,4352;3.218,4352;3.218,4352
SP500;27-jul-2020;3.239,4063;+23,7765;+0,7394%;3.239,4063;3.239,4063;3.239,4063
SP500;24-jul-2020;3.215,6298;-20,0334;-0,6191%;3.215,6298;3.215,6298;3.215,6298
SP500;23-jul-2020;3.235,6632;-40,3528;-1,2318%;3.235,6632;3.235,6632;3.235,6632
SP500;22-jul-2020;3.276,0160;+18,7180;+0,5746%;3.276,0160;3.276,0160;3.276,0160
SP500;21-jul-2020;3.257,2980;+5,4559;+0,1678%;3.257,2980;3.257,2980;3.257,2980
SP500;20-jul-2020;3.251,8421;+27,1114;+0,8407%;3.251,8421;3.251,8421;3.251,8421
SP500;17-jul-2020;3.224,7307;+9,1567;+0,2848%;3.224,7307;3.224,7307;3.224,7307
SP500;16-jul-2020;3.215,5740;-10,9853;-0,3405%;3.215,5740;3.215,5740;3.215,5740
SP500;15-jul-2020;3.226,5593;+29,0369;+0,9081%;3.226,5593;3.226,5593;3.226,5593
SP500;14-jul-2020;3.197,5224;+42,2988;+1,3406%;3.197,5224;3.197,5224;3.197,5224
SP500;13-jul-2020;3.155,2236;-29,8187;-0,9362%;3.155,2236;3.155,2236;3.155,2236
SP500;10-jul-2020;3.185,0423;+32,9937;+1,0467%;3.185,0423;3.185,0423;3.185,0423
SP500;09-jul-2020;3.152,0486;-17,8946;-0,5645%;3.152,0486;3.152,0486;3.152,0486
SP500;08-jul-2020;3.169,9432;+24,6252;+0,7829%;3.169,9432;3.169,9432;3.169,9432
SP500;07-jul-2020;3.145,3180;-34,4008;-1,0819%;3.145,3180;3.145,3180;3.145,3180
SP500;06-jul-2020;3.179,7188;+49,7061;+1,5880%;3.179,7188;3.179,7188;3.179,7188
SP500;02-jul-2020;3.130,0127;+14,1543;+0,4543%;3.130,0127;3.130,0127;3.130,0127
SP500;01-jul-2020;3.115,8584;+15,5733;+0,5023%;3.115,8584;3.115,8584;3.115,8584
SP500;30-jun-2020;3.100,2851;+47,0462;+1,5409%;3.100,2851;3.100,2851;3.100,2851
SP500;29-jun-2020;3.053,2389;+44,1865;+1,4685%;3.053,2389;3.053,2389;3.053,2389
SP500;26-jun-2020;3.009,0524;-74,7053;-2,4225%;3.009,0524;3.009,0524;3.009,0524
SP500;25-jun-2020;3.083,7577;+33,4230;+1,0957%;3.083,7577;3.083,7577;3.083,7577
SP500;24-jun-2020;3.050,3347;-80,9509;-2,5852%;3.050,3347;3.050,3347;3.050,3347
SP500;23-jun-2020;3.131,2856;+13,4248;+0,4306%;3.131,2856;3.131,2856;3.131,2856
SP500;22-jun-2020;3.117,8608;+20,1183;+0,6495%;3.117,8608;3.117,8608;3.117,8608
SP500;19-jun-2020;3.097,7425;-17,6023;-0,5650%;3.097,7425;3.097,7425;3.097,7425
SP500;18-jun-2020;3.115,3448;+1,8557;+0,0596%;3.115,3448;3.115,3448;3.115,3448
SP500;17-jun-2020;3.113,4891;-11,2508;-0,3601%;3.113,4891;3.113,4891;3.113,4891
SP500;16-jun-2020;3.124,7399;+58,1511;+1,8963%;3.124,7399;3.124,7399;3.124,7399
SP500;15-jun-2020;3.066,5888;+25,2765;+0,8311%;3.066,5888;3.066,5888;3.066,5888
SP500;12-jun-2020;3.041,3123;+39,2169;+1,3063%;3.041,3123;3.041,3123;3.041,3123
SP500;11-jun-2020;3.002,0954;-188,0406;-5,8944%;3.002,0954;3.002,0954;3.002,0954
SP500;10-jun-2020;3.190,1360;-17,0421;-0,5314%;3.190,1360;3.190,1360;3.190,1360
SP500;09-jun-2020;3.207,1781;-25,2076;-0,7798%;3.207,1781;3.207,1781;3.207,1781
SP500;08-jun-2020;3.232,3857;+38,4579;+1,2041%;3.232,3857;3.232,3857;3.232,3857
SP500;05-jun-2020;3.193,9278;+81,5814;+2,6212%;3.193,9278;3.193,9278;3.193,9278
SP500;04-jun-2020;3.112,3464;-10,5238;-0,3370%;3.112,3464;3.112,3464;3.112,3464
SP500;03-jun-2020;3.122,8702;+42,0480;+1,3648%;3.122,8702;3.122,8702;3.122,8702
SP500;02-jun-2020;3.080,8222;+25,0893;+0,8211%;3.080,8222;3.080,8222;3.080,8222
SP500;01-jun-2020;3.055,7329;+11,4277;+0,3754%;3.055,7329;3.055,7329;3.055,7329
SP500;29-mei-2020;3.044,3052;+14,5721;+0,4810%;3.044,3052;3.044,3052;3.044,3052
SP500;28-mei-2020;3.029,7331;-6,4001;-0,2108%;3.029,7331;3.029,7331;3.029,7331
SP500;27-mei-2020;3.036,1332;+44,3681;+1,4830%;3.036,1332;3.036,1332;3.036,1332
SP500;26-mei-2020;2.991,7651;+36,3124;+1,2287%;2.991,7651;2.991,7651;2.991,7651
SP500;22-mei-2020;2.955,4527;+6,9471;+0,2356%;2.955,4527;2.955,4527;2.955,4527
SP500;21-mei-2020;2.948,5056;-23,1066;-0,7776%;2.948,5056;2.948,5056;2.948,5056
SP500;20-mei-2020;2.971,6122;+48,6725;+1,6652%;2.971,6122;2.971,6122;2.971,6122
SP500;19-mei-2020;2.922,9397;-30,9686;-1,0484%;2.922,9397;2.922,9397;2.922,9397
SP500;18-mei-2020;2.953,9083;+90,2108;+3,1502%;2.953,9083;2.953,9083;2.953,9083
SP500;15-mei-2020;2.863,6975;+11,1933;+0,3924%;2.863,6975;2.863,6975;2.863,6975
SP500;14-mei-2020;2.852,5042;+32,5084;+1,1528%;2.852,5042;2.852,5042;2.852,5042
SP500;13-mei-2020;2.819,9958;-50,1216;-1,7463%;2.819,9958;2.819,9958;2.819,9958
SP500;12-mei-2020;2.870,1174;-60,2054;-2,0546%;2.870,1174;2.870,1174;2.870,1174
SP500;11-mei-2020;2.930,3228;+0,5181;+0,0177%;2.930,3228;2.930,3228;2.930,3228
SP500;08-mei-2020;2.929,8047;+48,6133;+1,6873%;2.929,8047;2.929,8047;2.929,8047
SP500;07-mei-2020;2.881,1914;+32,7707;+1,1505%;2.881,1914;2.881,1914;2.881,1914
SP500;06-mei-2020;2.848,4207;-20,0147;-0,6978%;2.848,4207;2.848,4207;2.848,4207
SP500;05-mei-2020;2.868,4354;+25,6963;+0,9039%;2.868,4354;2.868,4354;2.868,4354
SP500;04-mei-2020;2.842,7391;+12,0341;+0,4251%;2.842,7391;2.842,7391;2.842,7391
SP500;01-mei-2020;2.830,7050;-81,7255;-2,8061%;2.830,7050;2.830,7050;2.830,7050
SP500;30-apr-2020;2.912,4305;-27,0749;-0,9211%;2.912,4305;2.912,4305;2.912,4305
SP500;29-apr-2020;2.939,5054;+76,1136;+2,6582%;2.939,5054;2.939,5054;2.939,5054
SP500;28-apr-2020;2.863,3918;-15,0881;-0,5242%;2.863,3918;2.863,3918;2.863,3918
SP500;27-apr-2020;2.878,4799;+41,7402;+1,4714%;2.878,4799;2.878,4799;2.878,4799
SP500;24-apr-2020;2.836,7397;+38,9431;+1,3919%;2.836,7397;2.836,7397;2.836,7397
SP500;23-apr-2020;2.797,7966;-1,5182;-0,0542%;2.797,7966;2.797,7966;2.797,7966
SP500;22-apr-2020;2.799,3148;+62,7516;+2,2931%;2.799,3148;2.799,3148;2.799,3148
SP500;21-apr-2020;2.736,5632;-86,5932;-3,0672%;2.736,5632;2.736,5632;2.736,5632
SP500;20-apr-2020;2.823,1564;-51,4082;-1,7884%;2.823,1564;2.823,1564;2.823,1564
SP500;17-apr-2020;2.874,5646;+75,0123;+2,6794%;2.874,5646;2.874,5646;2.874,5646
SP500;16-apr-2020;2.799,5523;+16,1902;+0,5817%;2.799,5523;2.799,5523;2.799,5523
SP500;15-apr-2020;2.783,3621;-62,6990;-2,2030%;2.783,3621;2.783,3621;2.783,3621
SP500;14-apr-2020;2.846,0611;+84,4339;+3,0574%;2.846,0611;2.846,0611;2.846,0611
SP500;13-apr-2020;2.761,6272;-28,1901;-1,0105%;2.761,6272;2.761,6272;2.761,6272
SP500;09-apr-2020;2.789,8173;+39,8396;+1,4487%;2.789,8173;2.789,8173;2.789,8173
SP500;08-apr-2020;2.749,9777;+90,5671;+3,4055%;2.749,9777;2.749,9777;2.749,9777
SP500;07-apr-2020;2.659,4106;-4,2732;-0,1604%;2.659,4106;2.659,4106;2.659,4106
SP500;06-apr-2020;2.663,6838;+175,0354;+7,0334%;2.663,6838;2.663,6838;2.663,6838
SP500;03-apr-2020;2.488,6484;-38,2544;-1,5139%;2.488,6484;2.488,6484;2.488,6484
SP500;02-apr-2020;2.526,9028;+56,3984;+2,2829%;2.526,9028;2.526,9028;2.526,9028
SP500;01-apr-2020;2.470,5044;-114,0864;-4,4141%;2.470,5044;2.470,5044;2.470,5044
SP500;31-mrt-2020;2.584,5908;-42,0550;-1,6011%;2.584,5908;2.584,5908;2.584,5908
SP500;30-mrt-2020;2.626,6458;+85,1761;+3,3515%;2.626,6458;2.626,6458;2.626,6458
SP500;27-mrt-2020;2.541,4697;-88,5975;-3,3686%;2.541,4697;2.541,4697;2.541,4697
SP500;26-mrt-2020;2.630,0672;+154,5089;+6,2414%;2.630,0672;2.630,0672;2.630,0672
SP500;25-mrt-2020;2.475,5583;+28,2279;+1,1534%;2.475,5583;2.475,5583;2.475,5583
SP500;24-mrt-2020;2.447,3304;+209,9350;+9,3830%;2.447,3304;2.447,3304;2.447,3304
SP500;23-mrt-2020;2.237,3954;-67,5209;-2,9294%;2.237,3954;2.237,3954;2.237,3954
SP500;20-mrt-2020;2.304,9163;-104,4703;-4,3360%;2.304,9163;2.304,9163;2.304,9163
SP500;19-mrt-2020;2.409,3866;+11,2914;+0,4708%;2.409,3866;2.409,3866;2.409,3866
SP500;18-mrt-2020;2.398,0952;-131,0990;-5,1834%;2.398,0952;2.398,0952;2.398,0952
SP500;17-mrt-2020;2.529,1942;+143,0603;+5,9955%;2.529,1942;2.529,1942;2.529,1942
SP500;16-mrt-2020;2.386,1339;-324,8878;-11,9840%;2.386,1339;2.386,1339;2.386,1339
SP500;13-mrt-2020;2.711,0217;+230,3806;+9,2871%;2.711,0217;2.711,0217;2.711,0217
SP500;12-mrt-2020;2.480,6411;-260,7425;-9,5113%;2.480,6411;2.480,6411;2.480,6411
SP500;11-mrt-2020;2.741,3836;-140,8419;-4,8866%;2.741,3836;2.741,3836;2.741,3836
SP500;10-mrt-2020;2.882,2255;+135,6659;+4,9395%;2.882,2255;2.882,2255;2.882,2255
SP500;09-mrt-2020;2.746,5596;-225,8123;-7,5970%;2.746,5596;2.746,5596;2.746,5596
SP500;06-mrt-2020;2.972,3719;-51,5684;-1,7053%;2.972,3719;2.972,3719;2.972,3719
SP500;05-mrt-2020;3.023,9403;-106,1766;-3,3921%;3.023,9403;3.023,9403;3.023,9403
SP500;04-mrt-2020;3.130,1169;+126,7517;+4,2203%;3.130,1169;3.130,1169;3.130,1169
SP500;03-mrt-2020;3.003,3652;-86,8676;-2,8110%;3.003,3652;3.003,3652;3.003,3652
SP500;02-mrt-2020;3.090,2328;+136,0091;+4,6039%;3.090,2328;3.090,2328;3.090,2328
SP500;28-feb-2020;2.954,2237;-24,5341;-0,8236%;2.954,2237;2.954,2237;2.954,2237
SP500;27-feb-2020;2.978,7578;-137,6320;-4,4164%;2.978,7578;2.978,7578;2.978,7578
SP500;26-feb-2020;3.116,3898;-11,8168;-0,3777%;3.116,3898;3.116,3898;3.116,3898
SP500;25-feb-2020;3.128,2066;-97,6798;-3,0280%;3.128,2066;3.128,2066;3.128,2066
SP500;24-feb-2020;3.225,8864;-111,8606;-3,3514%;3.225,8864;3.225,8864;3.225,8864
SP500;21-feb-2020;3.337,7470;-35,4845;-1,0519%;3.337,7470;3.337,7470;3.337,7470
SP500;20-feb-2020;3.373,2315;-12,9212;-0,3816%;3.373,2315;3.373,2315;3.373,2315
SP500;19-feb-2020;3.386,1527;+15,8662;+0,4708%;3.386,1527;3.386,1527;3.386,1527
SP500;18-feb-2020;3.370,2865;-9,8709;-0,2920%;3.370,2865;3.370,2865;3.370,2865
SP500;14-feb-2020;3.380,1574;+6,2200;+0,1844%;3.380,1574;3.380,1574;3.380,1574
SP500;13-feb-2020;3.373,9374;-5,5148;-0,1632%;3.373,9374;3.373,9374;3.373,9374
SP500;12-feb-2020;3.379,4522;+21,7049;+0,6464%;3.379,4522;3.379,4522;3.379,4522
SP500;11-feb-2020;3.357,7473;+5,6533;+0,1686%;3.357,7473;3.357,7473;3.357,7473
SP500;10-feb-2020;3.352,0940;+24,3871;+0,7328%;3.352,0940;3.352,0940;3.352,0940
SP500;07-feb-2020;3.327,7069;-18,0740;-0,5402%;3.327,7069;3.327,7069;3.327,7069
SP500;06-feb-2020;3.345,7809;+11,0866;+0,3325%;3.345,7809;3.345,7809;3.345,7809
SP500;05-feb-2020;3.334,6943;+37,1061;+1,1252%;3.334,6943;3.334,6943;3.334,6943
SP500;04-feb-2020;3.297,5882;+48,6632;+1,4978%;3.297,5882;3.297,5882;3.297,5882
SP500;03-feb-2020;3.248,9250;+23,4087;+0,7257%;3.248,9250;3.248,9250;3.248,9250
SP500;31-jan-2020;3.225,5163;-58,1427;-1,7707%;3.225,5163;3.225,5163;3.225,5163
SP500;30-jan-2020;3.283,6590;+10,2564;+0,3133%;3.283,6590;3.283,6590;3.283,6590
SP500;29-jan-2020;3.273,4026;-2,8408;-0,0867%;3.273,4026;3.273,4026;3.273,4026
SP500;28-jan-2020;3.276,2434;+32,6152;+1,0055%;3.276,2434;3.276,2434;3.276,2434
SP500;27-jan-2020;3.243,6282;-51,8452;-1,5732%;3.243,6282;3.243,6282;3.243,6282
SP500;24-jan-2020;3.295,4734;-30,0694;-0,9042%;3.295,4734;3.295,4734;3.295,4734
SP500;23-jan-2020;3.325,5428;+3,7959;+0,1143%;3.325,5428;3.325,5428;3.325,5428
SP500;22-jan-2020;3.321,7469;+0,9561;+0,0288%;3.321,7469;3.321,7469;3.321,7469
SP500;21-jan-2020;3.320,7908;-8,8319;-0,2653%;3.320,7908;3.320,7908;3.320,7908
SP500;17-jan-2020;3.329,6227;+12,8168;+0,3864%;3.329,6227;3.329,6227;3.329,6227
SP500;16-jan-2020;3.316,8059;+27,5133;+0,8365%;3.316,8059;3.316,8059;3.316,8059
SP500;15-jan-2020;3.289,2926;+6,1402;+0,1870%;3.289,2926;3.289,2926;3.289,2926
SP500;14-jan-2020;3.283,1524;-4,9811;-0,1515%;3.283,1524;3.283,1524;3.283,1524
SP500;13-jan-2020;3.288,1335;+22,7824;+0,6977%;3.288,1335;3.288,1335;3.288,1335
SP500;10-jan-2020;3.265,3511;-9,3531;-0,2856%;3.265,3511;3.265,3511;3.265,3511
SP500;09-jan-2020;3.274,7042;+21,6583;+0,6658%;3.274,7042;3.274,7042;3.274,7042
SP500;08-jan-2020;3.253,0459;+15,8634;+0,4900%;3.253,0459;3.253,0459;3.253,0459
SP500;07-jan-2020;3.237,1825;-9,1001;-0,2803%;3.237,1825;3.237,1825;3.237,1825
SP500;06-jan-2020;3.246,2826;+11,4340;+0,3535%;3.246,2826;3.246,2826;3.246,2826
SP500;03-jan-2020;3.234,8486;-22,9992;-0,7060%;3.234,8486;3.234,8486;3.234,8486
SP500;02-jan-2020;3.257,8478;+27,0658;+0,8377%;3.257,8478;3.257,8478;3.257,8478
SP500;31-dec-2019;3.230,7820;+9,4902;+0,2946%;3.230,7820;3.230,7820;3.230,7820
SP500;30-dec-2019;3.221,2918;-18,7286;-0,5780%;3.221,2918;3.221,2918;3.221,2918
SP500;27-dec-2019;3.240,0204;+0,1133;+0,0035%;3.240,0204;3.240,0204;3.240,0204
SP500;26-dec-2019;3.239,9071;+16,5314;+0,5129%;3.239,9071;3.239,9071;3.239,9071
SP500;24-dec-2019;3.223,3757;-0,6342;-0,0197%;3.223,3757;3.223,3757;3.223,3757
SP500;23-dec-2019;3.224,0099;+2,7853;+0,0865%;3.224,0099;3.224,0099;3.224,0099
SP500;20-dec-2019;3.221,2246;+15,8562;+0,4947%;3.221,2246;3.221,2246;3.221,2246
SP500;19-dec-2019;3.205,3684;+14,2264;+0,4458%;3.205,3684;3.205,3684;3.205,3684
SP500;18-dec-2019;3.191,1420;-1,3766;-0,0431%;3.191,1420;3.191,1420;3.191,1420
SP500;17-dec-2019;3.192,5186;+1,0696;+0,0335%;3.192,5186;3.192,5186;3.192,5186
SP500;16-dec-2019;3.191,4490;+22,6494;+0,7148%;3.191,4490;3.191,4490;3.191,4490
SP500;13-dec-2019;3.168,7996;+0,2304;+0,0073%;3.168,7996;3.168,7996;3.168,7996
SP500;12-dec-2019;3.168,5692;+26,9425;+0,8576%;3.168,5692;3.168,5692;3.168,5692
SP500;11-dec-2019;3.141,6267;+9,1081;+0,2908%;3.141,6267;3.141,6267;3.141,6267
SP500;10-dec-2019;3.132,5186;-3,4428;-0,1098%;3.132,5186;3.132,5186;3.132,5186
SP500;09-dec-2019;3.135,9614;-9,9496;-0,3163%;3.135,9614;3.135,9614;3.135,9614
SP500;06-dec-2019;3.145,9110;+28,4824;+0,9137%;3.145,9110;3.145,9110;3.145,9110
SP500;05-dec-2019;3.117,4286;+4,6723;+0,1501%;3.117,4286;3.117,4286;3.117,4286
SP500;04-dec-2019;3.112,7563;+19,5554;+0,6322%;3.112,7563;3.112,7563;3.112,7563
SP500;03-dec-2019;3.093,2009;-20,6727;-0,6639%;3.093,2009;3.093,2009;3.093,2009
SP500;02-dec-2019;3.113,8736;-27,1070;-0,8630%;3.113,8736;3.113,8736;3.113,8736
SP500;29-nov-2019;3.140,9806;-12,6475;-0,4010%;3.140,9806;3.140,9806;3.140,9806
SP500;27-nov-2019;3.153,6281;+13,1082;+0,4174%;3.153,6281;3.153,6281;3.153,6281
SP500;26-nov-2019;3.140,5199;+6,8771;+0,2195%;3.140,5199;3.140,5199;3.140,5199
SP500;25-nov-2019;3.133,6428;+23,3545;+0,7509%;3.133,6428;3.133,6428;3.133,6428
SP500;22-nov-2019;3.110,2883;+6,7514;+0,2175%;3.110,2883;3.110,2883;3.110,2883
SP500;21-nov-2019;3.103,5369;-4,9213;-0,1583%;3.103,5369;3.103,5369;3.103,5369
SP500;20-nov-2019;3.108,4582;-11,7231;-0,3757%;3.108,4582;3.108,4582;3.108,4582
SP500;19-nov-2019;3.120,1813;-1,8467;-0,0592%;3.120,1813;3.120,1813;3.120,1813
SP500;18-nov-2019;3.122,0280;+1,5676;+0,0502%;3.122,0280;3.122,0280;3.122,0280
SP500;15-nov-2019;3.120,4604;+23,8273;+0,7695%;3.120,4604;3.120,4604;3.120,4604
SP500;14-nov-2019;3.096,6331;+2,5978;+0,0840%;3.096,6331;3.096,6331;3.096,6331
SP500;13-nov-2019;3.094,0353;+2,1963;+0,0710%;3.094,0353;3.094,0353;3.094,0353
SP500;12-nov-2019;3.091,8390;+4,8340;+0,1566%;3.091,8390;3.091,8390;3.091,8390
SP500;11-nov-2019;3.087,0050;-6,0798;-0,1966%;3.087,0050;3.087,0050;3.087,0050
SP500;08-nov-2019;3.093,0848;+7,9029;+0,2562%;3.093,0848;3.093,0848;3.093,0848
SP500;07-nov-2019;3.085,1819;+8,4066;+0,2732%;3.085,1819;3.085,1819;3.085,1819
SP500;06-nov-2019;3.076,7753;+2,1594;+0,0702%;3.076,7753;3.076,7753;3.076,7753
SP500;05-nov-2019;3.074,6159;-3,6538;-0,1187%;3.074,6159;3.074,6159;3.074,6159
SP500;04-nov-2019;3.078,2697;+11,3550;+0,3702%;3.078,2697;3.078,2697;3.078,2697
SP500;01-nov-2019;3.066,9147;+29,3503;+0,9662%;3.066,9147;3.066,9147;3.066,9147
SP500;31-okt-2019;3.037,5644;-9,2018;-0,3020%;3.037,5644;3.037,5644;3.037,5644
SP500;30-okt-2019;3.046,7662;+9,8740;+0,3251%;3.046,7662;3.046,7662;3.046,7662
SP500;29-okt-2019;3.036,8922;-2,5277;-0,0832%;3.036,8922;3.036,8922;3.036,8922
SP500;28-okt-2019;3.039,4199;+16,8703;+0,5581%;3.039,4199;3.039,4199;3.039,4199
SP500;25-okt-2019;3.022,5496;+12,2643;+0,4074%;3.022,5496;3.022,5496;3.022,5496
SP500;24-okt-2019;3.010,2853;+5,7610;+0,1917%;3.010,2853;3.010,2853;3.010,2853
SP500;23-okt-2019;3.004,5243;+8,5313;+0,2848%;3.004,5243;3.004,5243;3.004,5243
SP500;22-okt-2019;2.995,9930;-10,7313;-0,3569%;2.995,9930;2.995,9930;2.995,9930
SP500;21-okt-2019;3.006,7243;+20,5208;+0,6872%;3.006,7243;3.006,7243;3.006,7243
SP500;18-okt-2019;2.986,2035;-11,7494;-0,3919%;2.986,2035;2.986,2035;2.986,2035
SP500;17-okt-2019;2.997,9529;+8,2591;+0,2763%;2.997,9529;2.997,9529;2.997,9529
SP500;16-okt-2019;2.989,6938;-5,9893;-0,1999%;2.989,6938;2.989,6938;2.989,6938
SP500;15-okt-2019;2.995,6831;+29,5326;+0,9957%;2.995,6831;2.995,6831;2.995,6831
SP500;14-okt-2019;2.966,1505;-4,1190;-0,1387%;2.966,1505;2.966,1505;2.966,1505
SP500;11-okt-2019;2.970,2695;+32,1371;+1,0938%;2.970,2695;2.970,2695;2.970,2695
SP500;10-okt-2019;2.938,1324;+18,7323;+0,6416%;2.938,1324;2.938,1324;2.938,1324
SP500;09-okt-2019;2.919,4001;+26,3445;+0,9106%;2.919,4001;2.919,4001;2.919,4001
SP500;08-okt-2019;2.893,0556;-45,7338;-1,5562%;2.893,0556;2.893,0556;2.893,0556
SP500;07-okt-2019;2.938,7894;-13,2182;-0,4478%;2.938,7894;2.938,7894;2.938,7894
SP500;04-okt-2019;2.952,0076;+41,3736;+1,4215%;2.952,0076;2.952,0076;2.952,0076
SP500;03-okt-2019;2.910,6340;+23,0275;+0,7975%;2.910,6340;2.910,6340;2.910,6340
SP500;02-okt-2019;2.887,6065;-52,6421;-1,7904%;2.887,6065;2.887,6065;2.887,6065
SP500;01-okt-2019;2.940,2486;;;2.940,2486;2.940,2486;2.940,2486
